osm_type,osm_id,amenity,latitude,longitude,name,operator
node,3302171357,recycling,23.7320078,90.3631854,Secondary Transfer Station,City Corporation Laaram PLC & DDCL PRO BO
node,9812622788,recycling,23.8530299,90.3869468,Scrapping Store,
node,13957317557,recycling,23.8194613,90.3765827,,
node,13958251857,recycling,23.8231859,90.3768482,Scape Vendor,
node,3735652934,waste_basket,23.7911436,90.4134416,,
node,4362340667,waste_basket,23.7342712,90.3809007,,
node,4364364703,waste_basket,23.7220695,90.3949269,,
node,4589458985,waste_basket,23.7933558,90.4009624,,
node,4589458986,waste_basket,23.7936396,90.4009883,,
node,4589458987,waste_basket,23.794643,90.4011448,,
node,5219061121,waste_basket,23.7586443,90.4066311,,
node,6577977604,waste_basket,23.82231,90.3554906,,
node,6577977605,waste_basket,23.8222892,90.3556287,,
node,6577977606,waste_basket,23.822356,90.3557883,,
node,6577977607,waste_basket,23.8223558,90.3557945,,
node,6577977608,waste_basket,23.8201445,90.3570407,,
node,6577978513,waste_basket,23.8227913,90.3551922,,
node,6577978514,waste_basket,23.8230375,90.3551453,,
node,6577978515,waste_basket,23.8232118,90.3547932,,
node,6851334674,waste_basket,23.7502226,90.3747023,,government
node,6851334679,waste_basket,23.7395457,90.3710444,,government
node,6851334683,waste_basket,23.739336,90.3753588,,government
node,6851339864,waste_basket,23.7512064,90.3749133,,government
node,6851339865,waste_basket,23.7512554,90.3754485,,government
node,6851339866,waste_basket,23.7511575,90.3737892,,government
node,6851339867,waste_basket,23.7511819,90.3744315,,government
node,6851339870,waste_basket,23.7501537,90.374692,,government
node,6851339871,waste_basket,23.7501856,90.3747617,,government
node,6851339872,waste_basket,23.7501019,90.3746046,,government
node,6851339873,waste_basket,23.7504392,90.3686081,,government
node,6851339874,waste_basket,23.7504682,90.3685999,,government
node,6851339875,waste_basket,23.7507118,90.3684457,,government
node,6851339879,waste_basket,23.7401494,90.3806234,,government
node,6851339880,waste_basket,23.7395311,90.3772566,,government
node,6851339882,waste_basket,23.7389763,90.3798525,,
node,6851339883,waste_basket,23.7389018,90.3793918,,government
node,6851339884,waste_basket,23.7389266,90.3806112,,government
node,6851342740,waste_basket,23.7486132,90.3782762,,government
node,6851342741,waste_basket,23.7504619,90.3777147,,government
node,6851342742,waste_basket,23.7491179,90.3781937,,government
node,6851342743,waste_basket,23.7476542,90.3778542,,government
node,6851342744,waste_basket,23.7506924,90.3773593,,government
node,6851342745,waste_basket,23.7504278,90.376875,,government
node,6851342746,waste_basket,23.7445983,90.3774105,,government
node,6851342748,waste_basket,23.7497465,90.3773027,,government
node,6851342749,waste_basket,23.7503454,90.3764233,,government
node,6851342750,waste_basket,23.7447933,90.3774424,,government
node,6851342752,waste_basket,23.7494354,90.3778395,,government
node,6851342754,waste_basket,23.7503829,90.3757689,,government
node,6851342755,waste_basket,23.7505108,90.3765125,,government
node,6851342756,waste_basket,23.7443557,90.3773436,,government
node,6851342757,waste_basket,23.7502328,90.3771498,,government
node,6851342758,waste_basket,23.7475845,90.3780184,,government
node,6851342759,waste_basket,23.7476891,90.3782367,,government
node,6851342760,waste_basket,23.7507839,90.3773946,,government
node,6851342761,waste_basket,23.7469575,90.3776094,,government
node,6851342762,waste_basket,23.7469795,90.3775698,,government
node,6851342763,waste_basket,23.7499338,90.3774039,,government
node,6851342764,waste_basket,23.7489005,90.3782087,,government
node,6851342765,waste_basket,23.7494844,90.3777934,,government
node,6851355723,waste_basket,23.7389916,90.3848817,,government
node,6851355724,waste_basket,23.7390448,90.3852304,,government
node,6851355725,waste_basket,23.7322474,90.3850326,,government
node,6851355726,waste_basket,23.7322812,90.38518,,government
node,6851355730,waste_basket,23.7323116,90.3847744,,government
node,6851355731,waste_basket,23.732201,90.385025,,government
node,6851355732,waste_basket,23.7378307,90.3904733,,
node,6851355733,waste_basket,23.7390676,90.3867784,,government
node,6851355734,waste_basket,23.7388841,90.3865007,,government
node,6851355737,waste_basket,23.7367196,90.3837018,,government
node,6851355739,waste_basket,23.7321297,90.3838781,,government
node,6851355740,waste_basket,23.7320975,90.3829151,,government
node,6851355743,waste_basket,23.7388835,90.3867132,,government
node,6851355744,waste_basket,23.7388047,90.3849619,,government
node,6851355745,waste_basket,23.7389389,90.3870967,,government
node,6851355746,waste_basket,23.7389785,90.3877295,,government
node,6851355747,waste_basket,23.7391327,90.3876475,,government
node,6851355748,waste_basket,23.7391604,90.3883276,,government
node,6851355749,waste_basket,23.7389772,90.3887311,,government
node,6851355750,waste_basket,23.7389976,90.387979,,government
node,6851355751,waste_basket,23.7390428,90.3854254,,government
node,6851355752,waste_basket,23.7389747,90.3874576,,government
node,6851355753,waste_basket,23.7388936,90.3859454,,government
node,6851355754,waste_basket,23.7396891,90.3892338,,government
node,6851355755,waste_basket,23.7388601,90.3853496,,government
node,6851355756,waste_basket,23.7389792,90.388799,,government
node,6851355757,waste_basket,23.7401592,90.3895939,,government
node,6851355758,waste_basket,23.7334735,90.3845357,,government
node,6851355759,waste_basket,23.7391806,90.3885059,,government
node,6851355760,waste_basket,23.7393077,90.3885368,,government
node,6851355761,waste_basket,23.7313665,90.3855085,,government
node,6851355762,waste_basket,23.7302473,90.3858611,,government
node,6851355763,waste_basket,23.7298258,90.3859177,,government
node,6851355764,waste_basket,23.7303112,90.3856748,,government
node,6851355765,waste_basket,23.7297994,90.3857617,,government
node,6851355766,waste_basket,23.729387,90.3859682,,government
node,6851355769,waste_basket,23.7402747,90.3833403,,government
node,6851355772,waste_basket,23.7495943,90.378011,,government
node,6851358050,waste_basket,23.7416295,90.3742764,,government
node,6851358051,waste_basket,23.7418991,90.3742267,,government
node,6851358052,waste_basket,23.7413746,90.3745835,,government
node,6851358053,waste_basket,23.7432526,90.3735184,,government
node,6851358054,waste_basket,23.7409168,90.3751864,,government
node,6851358055,waste_basket,23.7437301,90.3732876,,government
node,6851358056,waste_basket,23.7418657,90.3740588,,government
node,6851358060,waste_basket,23.7446438,90.3726222,,government
node,6851358075,waste_basket,23.7478029,90.370395,,government
node,6851358076,waste_basket,23.7478527,90.370355,,government
node,6851360919,waste_basket,23.7226097,90.3944602,,government
node,6851360920,waste_basket,23.7224221,90.3944391,,government
node,6851360924,waste_basket,23.7272064,90.3861125,,government
node,6851360925,waste_basket,23.7255404,90.3892797,,government
node,6851360927,waste_basket,23.7240165,90.3871171,,government
node,6851360928,waste_basket,23.7243361,90.3871834,,government
node,6851360929,waste_basket,23.7254509,90.3867002,,government
node,6851360933,waste_basket,23.7290165,90.3860394,,government
node,6851360935,waste_basket,23.7266723,90.386342,,government
node,6851360938,waste_basket,23.7267274,90.3848485,,government
node,6851360939,waste_basket,23.7266745,90.385924,,government
node,6851360940,waste_basket,23.7269057,90.3858566,,government
node,6851360941,waste_basket,23.7266033,90.3843332,,government
node,6851360942,waste_basket,23.7267207,90.385099,,government
node,6851360943,waste_basket,23.7287701,90.3839434,,government
node,6851360944,waste_basket,23.7293008,90.3840715,,government
node,6851360945,waste_basket,23.7287525,90.3841014,,government
node,6851360946,waste_basket,23.7289759,90.3840985,,government
node,6851360947,waste_basket,23.7217651,90.3859705,,government
node,6851361698,waste_basket,23.7233758,90.3873499,,government
node,6851361699,waste_basket,23.7218813,90.3878426,,government
node,6851361700,waste_basket,23.7232117,90.387539,,government
node,6851361701,waste_basket,23.7218277,90.3882364,,government
node,6851361706,waste_basket,23.7239881,90.3868081,,government
node,6851361711,waste_basket,23.7204284,90.3849471,,government
node,6851361732,waste_basket,23.7388492,90.3861341,,government
node,6851361736,waste_basket,23.7390844,90.3862069,,government
node,6851361737,waste_basket,23.7390426,90.3856452,,government
node,6851361738,waste_basket,23.7387603,90.3843318,,government
node,6851361739,waste_basket,23.7388852,90.3837196,,government
node,6851362285,waste_basket,23.7385785,90.3760839,,ngo
node,6851362286,waste_basket,23.739081,90.3762732,,government
node,6851362287,waste_basket,23.739081,90.3758592,,government
node,6851362289,waste_basket,23.7387417,90.3746587,,government
node,6851362290,waste_basket,23.7386305,90.3738964,,government
node,6851362291,waste_basket,23.7386508,90.3740292,,government
node,6851362305,waste_basket,23.732035,90.3703162,,government
node,6851362319,waste_basket,23.7441869,90.3729383,,government
node,6851362320,waste_basket,23.7416912,90.3744912,,
node,6851362321,waste_basket,23.7411744,90.374341,,government
node,6900013140,waste_basket,23.7584094,90.3830468,,
node,6901877481,waste_basket,23.7583975,90.3810881,,
node,6901933720,waste_basket,23.7581578,90.3779316,,
node,6904549311,waste_basket,23.7932207,90.4009742,,
node,6904581435,waste_basket,23.7645542,90.3865238,,
node,6904592015,waste_basket,23.7646999,90.3856031,,
node,6904624095,waste_basket,23.7879845,90.4000605,,
node,6905024600,waste_basket,23.7880107,90.3997463,,
node,6905144591,waste_basket,23.7767849,90.3951712,,
node,6905188333,waste_basket,23.7755465,90.3926674,,
node,6905204780,waste_basket,23.7726319,90.3898776,,
node,6905207443,waste_basket,23.7736106,90.3902529,,
node,6905208623,waste_basket,23.7744975,90.3901536,,
node,6905235098,waste_basket,23.7723636,90.3901167,,
node,6905235099,waste_basket,23.7724752,90.3901293,,
node,6905313952,waste_basket,23.7667841,90.3891665,,
node,6905442366,waste_basket,23.7764942,90.3939515,,
node,6959435294,waste_basket,23.8468482,90.4064647,,
node,7447592236,waste_basket,23.7473258,90.3806227,,government
node,7447592275,waste_basket,23.7419127,90.3837767,,government
node,7447592282,waste_basket,23.7425407,90.3851489,,
node,7447592303,waste_basket,23.7377143,90.3904225,,
node,7447592342,waste_basket,23.7498574,90.3791584,,government
node,7447592349,waste_basket,23.7201111,90.4098319,,government
node,7447592354,waste_basket,23.7417348,90.3837212,,government
node,7447592389,waste_basket,23.7424516,90.3853109,,
node,7447592392,waste_basket,23.742234,90.3839043,,government
node,7447592429,waste_basket,23.749676,90.3656141,,
node,11331262738,waste_basket,23.7973081,90.4147767,,
node,11331262754,waste_basket,23.7980258,90.4142903,,
node,11765155352,waste_basket,23.8236741,90.3688515,,
node,11819587692,waste_basket,23.735227,90.3918143,,
node,11871905711,waste_basket,23.7333779,90.3908647,,
node,11871905712,waste_basket,23.7345362,90.391884,,
node,11871905714,waste_basket,23.7338119,90.392274,,
node,11871905715,waste_basket,23.7338414,90.3927111,,
node,11871905716,waste_basket,23.7338331,90.394163,,
node,11871905717,waste_basket,23.7340443,90.3942818,,
node,11871905718,waste_basket,23.7337348,90.3944555,,
node,11871905719,waste_basket,23.7322491,90.3951656,,
node,11871905721,waste_basket,23.7360078,90.3924535,,
node,11871905722,waste_basket,23.7360294,90.3924552,,
node,11871905724,waste_basket,23.7345868,90.3918008,,
node,11871905725,waste_basket,23.7337604,90.391793,,
node,11871905726,waste_basket,23.7335426,90.3912176,,
node,11871905728,waste_basket,23.7338014,90.3908786,,
node,11871905729,waste_basket,23.7338617,90.3911789,,
node,11871905730,waste_basket,23.7343827,90.3908705,,
node,11871905731,waste_basket,23.7344445,90.3911896,,
node,11871905732,waste_basket,23.7331127,90.3911456,,
node,11871905735,waste_basket,23.7347971,90.390872,,
node,11871905736,waste_basket,23.7283945,90.3975116,,
node,11871905737,waste_basket,23.7280167,90.3978708,,
node,11871905738,waste_basket,23.7343926,90.3914535,,
node,11871905739,waste_basket,23.7281535,90.3975653,,
node,11871905740,waste_basket,23.7279525,90.3976678,,
node,11871905741,waste_basket,23.7280498,90.397734,,
node,11871905742,waste_basket,23.7279802,90.39758,,
node,11871905743,waste_basket,23.7276764,90.3974334,,
node,11871905745,waste_basket,23.7286197,90.3995392,,
node,11871905752,waste_basket,23.7284663,90.3975182,,
node,11871905753,waste_basket,23.7333888,90.3933236,,
node,11871905754,waste_basket,23.7334016,90.3930668,,
node,11871905756,waste_basket,23.7335818,90.3921898,,
node,11873496185,waste_basket,23.7349425,90.3905314,,
node,12245898778,waste_basket,23.8042618,90.3560439,,
node,12245941047,waste_basket,23.8044439,90.3563183,,
node,12245950131,waste_basket,23.8059243,90.3564436,,
way,375520163,waste_disposal,23.7760867,90.406391,Medical Incinerator for Shonkramok Byadhi Hospital,
way,997742679,waste_disposal,23.7620023,90.4447497,,
way,1493002179,waste_disposal,23.7200127,90.4184621,,
node,3330928334,waste_disposal,23.7455548,90.3621339,,
node,4009075983,waste_disposal,23.7659027,90.4190225,,
node,4009109835,waste_disposal,23.7613741,90.419142,,
node,4009174541,waste_disposal,23.752521,90.4100576,,
node,4009194405,waste_disposal,23.7512493,90.4045913,,
node,4009225604,waste_disposal,23.7540632,90.4080208,,
node,4063008129,waste_disposal,23.7557158,90.4091213,,
node,4063045791,waste_disposal,23.7552933,90.4063788,,
node,4063047818,waste_disposal,23.7558399,90.4058721,,
node,4063055627,waste_disposal,23.7569127,90.4055654,,
node,4063064311,waste_disposal,23.758318,90.4075709,,
node,4063067168,waste_disposal,23.756165,90.4085612,,
node,4072766864,waste_disposal,23.7554051,90.4118007,,
node,4072831847,waste_disposal,23.7522041,90.4099355,Waste Disposal (garbage),
node,4072837790,waste_disposal,23.7528827,90.4118647,,
node,4347128817,waste_disposal,23.7303687,90.3932615,,
node,4464515192,waste_disposal,23.7240751,90.3720939,,"Government, city corporation."
node,4741803645,waste_disposal,23.7593898,90.3663087,,Dhaka North City Corporation
node,5622154452,waste_disposal,23.7835279,90.4083775,waste_disposal,
node,6577897527,waste_disposal,23.8033393,90.3680842,,
node,6577977610,waste_disposal,23.8107183,90.3556334,,
node,6577977611,waste_disposal,23.8098919,90.3570628,,
node,6577977612,waste_disposal,23.8060554,90.3805737,,
node,6786796563,waste_disposal,23.7387413,90.4237415,,
node,6786804611,waste_disposal,23.7388623,90.4248212,,
node,6786816839,waste_disposal,23.7441323,90.4258472,,
node,6796946028,waste_disposal,23.7390396,90.3852847,,
node,6851334672,waste_disposal,23.7478417,90.3767587,,government
node,6851334673,waste_disposal,23.7481078,90.3768314,,government
node,6851334675,waste_disposal,23.741605,90.3827326,,government
node,6851334676,waste_disposal,23.7539861,90.3766103,,government
node,6851334677,waste_disposal,23.7464348,90.3810172,,government
node,6851334680,waste_disposal,23.7425841,90.3685896,,government
node,6851334681,waste_disposal,23.739909,90.3608668,,government
node,6851334682,waste_disposal,23.7457636,90.3624598,,government
node,6851334684,waste_disposal,23.7403838,90.375057,,government
node,6851339837,waste_disposal,23.7409004,90.3791086,,government
node,6851339838,waste_disposal,23.7397273,90.3785958,,government
node,6851339839,waste_disposal,23.7408353,90.3807667,,government
node,6851339840,waste_disposal,23.7395735,90.377721,,government
node,6851339841,waste_disposal,23.7526443,90.3713722,,socity
node,6851339842,waste_disposal,23.7527081,90.3718138,,socity
node,6851339843,waste_disposal,23.7520047,90.3703255,,government
node,6851339844,waste_disposal,23.7524722,90.3711934,,government
node,6851339845,waste_disposal,23.7525763,90.3713925,,government
node,6851339846,waste_disposal,23.7529018,90.371933,,government
node,6851339848,waste_disposal,23.7489182,90.3723537,,government
node,6851339849,waste_disposal,23.7533309,90.3758717,,government
node,6851339850,waste_disposal,23.7527884,90.3755664,,government
node,6851339851,waste_disposal,23.7491528,90.3728883,,government
node,6851339852,waste_disposal,23.7494539,90.3734401,,government
node,6851339853,waste_disposal,23.749391,90.3733372,,government
node,6851339854,waste_disposal,23.7498157,90.3740759,,government
node,6851339855,waste_disposal,23.7489826,90.3726658,,government
node,6851339857,waste_disposal,23.7514042,90.3736079,,government
node,6851339858,waste_disposal,23.7533227,90.3735761,,government
node,6851339860,waste_disposal,23.753138,90.3735711,,government
node,6851339861,waste_disposal,23.7512005,90.3727262,,government
node,6851339862,waste_disposal,23.751174,90.3721755,,government
node,6851339863,waste_disposal,23.7532894,90.3735794,,
node,6851339868,waste_disposal,23.7466067,90.3783996,,government
node,6851339876,waste_disposal,23.7404137,90.3819961,,government
node,6851339877,waste_disposal,23.7403171,90.3815655,,government
node,6851339878,waste_disposal,23.739967,90.3797651,,government
node,6851339881,waste_disposal,23.7386414,90.3789041,,government
node,6851342766,waste_disposal,23.7464702,90.376948,,government
node,6851342767,waste_disposal,23.7465507,90.3804687,,government
node,6851342768,waste_disposal,23.7443049,90.3796776,,government
node,6851342769,waste_disposal,23.744309,90.3796108,,government
node,6851342770,waste_disposal,23.7446562,90.3819417,,government
node,6851342771,waste_disposal,23.7444272,90.3808455,,government
node,6851342772,waste_disposal,23.7453688,90.3782805,,government
node,6851342774,waste_disposal,23.7432586,90.3802858,,government
node,6851342775,waste_disposal,23.743553,90.3817627,,government
node,6851342776,waste_disposal,23.7425699,90.3821878,,government
node,6851342777,waste_disposal,23.7430367,90.3791299,,government
node,6851342778,waste_disposal,23.7419961,90.3793029,,government
node,6851342779,waste_disposal,23.7423488,90.3810808,,government
node,6851342780,waste_disposal,23.7423563,90.3810372,,government
node,6851342782,waste_disposal,23.7418163,90.3802992,,government
node,6851342783,waste_disposal,23.7416005,90.3801577,,government
node,6851342784,waste_disposal,23.7407817,90.3784726,,government;others
node,6851355727,waste_disposal,23.7309992,90.3868757,,government
node,6851355728,waste_disposal,23.7307257,90.3869088,,government
node,6851355729,waste_disposal,23.7308759,90.3868978,,government
node,6851355735,waste_disposal,23.7363419,90.3884604,,socity
node,6851355736,waste_disposal,23.7349007,90.3840895,,
node,6851355742,waste_disposal,23.7390186,90.3896572,,government
node,6851355767,waste_disposal,23.729559,90.3846628,,government
node,6851355768,waste_disposal,23.7295812,90.3849774,,government
node,6851355770,waste_disposal,23.7515302,90.3771522,,government
node,6851358058,waste_disposal,23.7409168,90.3752123,,government
node,6851358061,waste_disposal,23.7316701,90.3717745,,government
node,6851358062,waste_disposal,23.7487422,90.3686045,,government
node,6851358063,waste_disposal,23.7440357,90.3677235,,government
node,6851358064,waste_disposal,23.7478626,90.3705769,,socity;government
node,6851358065,waste_disposal,23.7481502,90.371096,,government
node,6851358066,waste_disposal,23.7469376,90.3711143,,government
node,6851358067,waste_disposal,23.7471444,90.3718321,,socity
node,6851358068,waste_disposal,23.7460858,90.3716992,,government
node,6851358071,waste_disposal,23.7460447,90.3717073,,
node,6851358072,waste_disposal,23.7487243,90.3697164,,government;ngo
node,6851358073,waste_disposal,23.7488576,90.3696513,,government
node,6851358074,waste_disposal,23.7477381,90.3706813,,government
node,6851358078,waste_disposal,23.7496379,90.3717243,,government
node,6851358080,waste_disposal,23.7483627,90.3713965,,government
node,6851360908,waste_disposal,23.7233107,90.4014403,,socity
node,6851360909,waste_disposal,23.7229957,90.4006123,,government
node,6851360910,waste_disposal,23.7233208,90.4008276,,government
node,6851360911,waste_disposal,23.7230802,90.3972602,,government
node,6851360912,waste_disposal,23.7212999,90.3991158,,government
node,6851360918,waste_disposal,23.7220126,90.394545,,government
node,6851360921,waste_disposal,23.7204172,90.3982421,,government
node,6851360922,waste_disposal,23.7230861,90.3972802,,government
node,6851360923,waste_disposal,23.7223426,90.3931146,,government
node,6851360926,waste_disposal,23.7247111,90.3871591,,government
node,6851360930,waste_disposal,23.7240321,90.3854716,,government
node,6851360931,waste_disposal,23.7290092,90.3857699,,government
node,6851360932,waste_disposal,23.7286119,90.3857699,,government
node,6851360934,waste_disposal,23.7269336,90.3878942,,government
node,6851360936,waste_disposal,23.7243103,90.3854001,,government
node,6851360937,waste_disposal,23.7243103,90.3858401,,government
node,6851361694,waste_disposal,23.7230168,90.3849493,,government
node,6851361695,waste_disposal,23.7227403,90.3868197,,government
node,6851361696,waste_disposal,23.7227151,90.3865451,,government
node,6851361697,waste_disposal,23.7227906,90.3870942,,government
node,6851361702,waste_disposal,23.7227698,90.387066,,government
node,6851361703,waste_disposal,23.7221559,90.3905322,,government
node,6851361704,waste_disposal,23.721922,90.3848973,,government
node,6851361705,waste_disposal,23.7222645,90.3904453,,government
node,6851361707,waste_disposal,23.7220385,90.3824872,,government
node,6851361720,waste_disposal,23.7261366,90.3796627,,government
node,6851361721,waste_disposal,23.7259197,90.3798044,,socity
node,6851361722,waste_disposal,23.7201418,90.3797525,,government
node,6851361723,waste_disposal,23.7263707,90.3812521,,government
node,6851361724,waste_disposal,23.7283942,90.3812963,,government
node,6851361725,waste_disposal,23.7293337,90.3813885,,government
node,6851361726,waste_disposal,23.7261823,90.3814992,,government
node,6851361727,waste_disposal,23.7225604,90.374179,,government
node,6851361728,waste_disposal,23.7230139,90.3737544,,government
node,6851361729,waste_disposal,23.7268475,90.3677164,,government
node,6851361731,waste_disposal,23.7243445,90.3709098,,government
node,6851361734,waste_disposal,23.7366802,90.3892667,,socity
node,6851361985,waste_disposal,23.7413015,90.3810509,,government
node,6851361986,waste_disposal,23.7408236,90.3786787,,government
node,6851361987,waste_disposal,23.740749,90.3782893,,
node,6851361988,waste_disposal,23.7415183,90.3821878,,government
node,6851361989,waste_disposal,23.7408678,90.3790139,,government
node,6851362186,waste_disposal,23.7478306,90.3767587,,government
node,6851362288,waste_disposal,23.7382861,90.3730111,,government
node,6851362292,waste_disposal,23.7333151,90.3639145,,government
node,6851362293,waste_disposal,23.7348816,90.366435,,government
node,6851362294,waste_disposal,23.7411965,90.3665127,,government
node,6851362295,waste_disposal,23.7422938,90.3634849,,government
node,6851362297,waste_disposal,23.7301978,90.36441,,government
node,6851362298,waste_disposal,23.7288428,90.3679589,,government
node,6851362299,waste_disposal,23.7302818,90.3670315,,government
node,6851362300,waste_disposal,23.7321053,90.3659769,,government
node,6851362301,waste_disposal,23.7302149,90.3574392,,government
node,6851362302,waste_disposal,23.7368261,90.3616418,,
node,6851362303,waste_disposal,23.7364216,90.3616883,,
node,6851362304,waste_disposal,23.7314961,90.3710141,,government
node,6851362307,waste_disposal,23.7292661,90.3756387,,government
node,6851362308,waste_disposal,23.731232,90.3724318,,government
node,6851362310,waste_disposal,23.7398914,90.3609461,,government
node,6851362311,waste_disposal,23.7384381,90.3610885,,government
node,6851362312,waste_disposal,23.7430721,90.36015,,government
node,6851362313,waste_disposal,23.748422,90.3757404,,government
node,6851362314,waste_disposal,23.7471228,90.3757597,,government
node,6851362315,waste_disposal,23.7457358,90.3756003,,government
node,6851362316,waste_disposal,23.7482152,90.3735868,,socity
node,6851362317,waste_disposal,23.7487019,90.3743844,,socity
node,6851362318,waste_disposal,23.7480205,90.3732146,,socity
node,6899634455,waste_disposal,23.75824,90.3875033,,
node,6899939955,waste_disposal,23.7579719,90.3840492,,
node,6988088021,waste_disposal,23.7354191,90.4286594,,
node,7447592237,waste_disposal,23.7206124,90.4006282,,socity
node,7447592238,waste_disposal,23.7231989,90.4029186,,government
node,7447592240,waste_disposal,23.7232708,90.4067623,,government
node,7447592263,waste_disposal,23.7217626,90.4120961,,government
node,7447592276,waste_disposal,23.7219784,90.402101,,government
node,7447592308,waste_disposal,23.7219928,90.4104922,,government
node,7447592311,waste_disposal,23.7213957,90.3758601,,government
node,7447592321,waste_disposal,23.7223805,90.4095764,,government
node,7447592328,waste_disposal,23.7225173,90.4054022,,government
node,7447592339,waste_disposal,23.7212102,90.4115572,,government
node,7447592344,waste_disposal,23.721645,90.4042072,,socity
node,7447592348,waste_disposal,23.7201185,90.3781219,,government
node,7447592353,waste_disposal,23.7224845,90.4014114,,government
node,7447592358,waste_disposal,23.722719,90.4066048,,government
node,7447592362,waste_disposal,23.7214931,90.3955341,,others
node,7447592374,waste_disposal,23.7214405,90.4058929,,government
node,7447592380,waste_disposal,23.7203866,90.3774789,,government
node,7447592390,waste_disposal,23.7499674,90.3581389,,government
node,7447592393,waste_disposal,23.7204197,90.4002673,,socity
node,7447592396,waste_disposal,23.7229651,90.4068792,,government
node,7447592413,waste_disposal,23.721781,90.4049713,,government
node,7447592417,waste_disposal,23.7200291,90.4117064,,government
node,7447592420,waste_disposal,23.7206072,90.3769769,,government
node,7447592422,waste_disposal,23.723104,90.4105428,,government
node,7447592425,waste_disposal,23.7206675,90.4031545,,socity
node,9163654895,waste_disposal,23.7464434,90.4066625,,
node,11765339054,waste_disposal,23.8198924,90.3691771,,
node,11847928471,waste_disposal,23.7358853,90.3922952,,
node,12177906400,waste_disposal,23.8284909,90.3793062,Trash Bin,
node,12196803232,waste_disposal,23.8136133,90.3502653,,
node,12196803237,waste_disposal,23.8127109,90.3494927,,
node,12218394000,waste_disposal,23.8177678,90.3736505,Brac Community Drain,
node,12218492205,waste_disposal,23.8199199,90.3694588,,
node,12218547161,waste_disposal,23.8294309,90.3801477,,
node,12218547167,waste_disposal,23.8298509,90.3803549,Habitat for Humanity Bangladesh,
node,12218547714,waste_disposal,23.8297366,90.3798882,,
way,606376351,waste_transfer_station,23.77297,90.4151749,City Corporation Waste Center,
way,1296062020,waste_transfer_station,23.8083983,90.3581365,,Dhaka North City Corporation
way,1311523469,waste_transfer_station,23.8089123,90.3594803,,Dhaka North City Corporation
way,1411413500,waste_transfer_station,23.7247099,90.4234368,,
way,1420940400,waste_transfer_station,23.7398577,90.4301596,অন্তবরর্তীকালীন বর্জ্য স্থানান্তর কেন্দ্র - ওয়ার্ড ০৪,DSCC
node,5254343157,waste_transfer_station,23.7891542,90.3537644,Tolerbag Waste Transfer Point,
node,6851334678,waste_transfer_station,23.750366,90.378474,,government
node,6851355738,waste_transfer_station,23.7323447,90.3830325,,government
node,6851355741,waste_transfer_station,23.7332155,90.382328,,government
node,6851361730,waste_transfer_station,23.7240293,90.3718817,,government
node,6851361733,waste_transfer_station,23.7350302,90.3867708,,government
node,6851361735,waste_transfer_station,23.7390543,90.3855418,,government
node,6851362296,waste_transfer_station,23.7443098,90.3598698,,government
node,6851362306,waste_transfer_station,23.7320208,90.3633466,,government
node,6851362309,waste_transfer_station,23.739271,90.3610752,,government
node,7447592244,waste_transfer_station,23.7232999,90.4048563,,government
node,7447592317,waste_transfer_station,23.7231465,90.409578,,government
node,8890507002,waste_transfer_station,23.8137169,90.370126,Waste Transfer Station,
node,12025517656,waste_transfer_station,23.720231,90.3785281,"Waste Collection Point (STS), Waste management service",
