time,temperature_2m,relative_humidity_2m,precipitation,shortwave_radiation,cloud_cover,wind_speed_10m,uv_index
2024-07-01T00:00,26.6,96,1.2,0.0,100,15.1,0.0
2024-07-01T01:00,26.5,95,0.8,0.0,100,18.9,0.0
2024-07-01T02:00,26.5,95,0.3,0.0,100,18.9,0.0
2024-07-01T03:00,26.7,91,1.4,0.0,100,20.1,0.0
2024-07-01T04:00,26.6,93,0.6,0.0,100,18.9,0.0
2024-07-01T05:00,26.2,94,0.5,0.0,100,17.7,0.0
2024-07-01T06:00,26.5,93,0.2,10.0,100,18.1,0.05
2024-07-01T07:00,26.6,95,0.8,35.0,100,13.0,0.3
2024-07-01T08:00,26.9,94,0.9,75.0,100,15.4,0.85
2024-07-01T09:00,27.4,91,1.0,173.0,100,18.6,1.95
2024-07-01T10:00,28.3,86,0.7,251.0,100,18.5,3.2
2024-07-01T11:00,27.9,90,1.0,141.0,100,15.5,6.05
2024-07-01T12:00,28.0,91,3.3,214.0,100,14.3,2.65
2024-07-01T13:00,28.2,92,3.2,272.0,100,11.6,0.55
2024-07-01T14:00,27.3,92,3.0,57.0,100,11.8,0.6
2024-07-01T15:00,27.8,92,1.0,96.0,100,11.6,0.75
2024-07-01T16:00,27.6,90,2.5,158.0,100,17.2,1.0
2024-07-01T17:00,27.3,93,1.1,91.0,100,11.7,0.45
2024-07-01T18:00,27.3,93,1.1,56.0,100,12.0,0.05
2024-07-01T19:00,27.3,93,0.1,12.0,100,12.7,0.0
2024-07-01T20:00,26.9,95,0.2,0.0,100,10.4,0.0
2024-07-01T21:00,26.7,94,1.0,0.0,100,10.9,0.0
2024-07-01T22:00,26.7,95,1.4,0.0,100,11.4,0.0
2024-07-01T23:00,26.4,95,1.5,0.0,100,12.7,0.0
2024-07-02T00:00,26.2,95,1.2,0.0,100,11.5,0.0
2024-07-02T01:00,26.2,96,3.0,0.0,100,11.2,0.0
2024-07-02T02:00,26.1,96,0.9,0.0,100,11.9,0.0
2024-07-02T03:00,25.6,98,1.4,0.0,100,14.4,0.0
2024-07-02T04:00,25.6,97,1.2,0.0,100,13.3,0.0
2024-07-02T05:00,25.7,97,0.7,0.0,100,11.4,0.0
2024-07-02T06:00,25.8,97,1.0,5.0,100,12.6,0.1
2024-07-02T07:00,27.0,92,0.2,63.0,100,10.7,0.4
2024-07-02T08:00,27.5,91,0.2,79.0,100,9.7,1.35
2024-07-02T09:00,29.1,85,0.1,401.0,100,13.0,3.55
2024-07-02T10:00,29.7,82,0.1,387.0,100,10.5,5.85
2024-07-02T11:00,30.9,73,0.1,488.0,100,12.7,6.3
2024-07-02T12:00,28.9,82,6.2,266.0,98,12.9,4.25
2024-07-02T13:00,28.3,90,7.0,232.0,100,9.5,2.45
2024-07-02T14:00,28.0,90,0.7,171.0,97,8.9,3.45
2024-07-02T15:00,28.9,84,0.2,351.0,98,11.2,1.85
2024-07-02T16:00,28.8,87,0.2,291.0,98,12.3,1.35
2024-07-02T17:00,29.1,86,0.1,201.0,75,12.8,0.35
2024-07-02T18:00,27.4,89,0.6,83.0,100,16.7,0.05
2024-07-02T19:00,26.4,93,0.1,10.0,100,6.7,0.0
2024-07-02T20:00,26.3,93,0.0,0.0,100,11.0,0.0
2024-07-02T21:00,26.1,94,0.0,0.0,25,10.5,0.0
2024-07-02T22:00,25.9,95,0.0,0.0,40,9.2,0.0
2024-07-02T23:00,25.8,96,0.0,0.0,100,7.5,0.0
2024-07-03T00:00,25.8,96,0.0,0.0,100,7.8,0.0
2024-07-03T01:00,25.9,95,0.0,0.0,100,8.9,0.0
2024-07-03T02:00,25.9,96,0.0,0.0,100,8.5,0.0
2024-07-03T03:00,25.9,95,0.2,0.0,90,9.0,0.0
2024-07-03T04:00,25.8,95,0.5,0.0,100,9.4,0.0
2024-07-03T05:00,25.7,96,0.7,0.0,100,8.9,0.0
2024-07-03T06:00,25.9,95,1.0,6.0,100,9.0,0.15
2024-07-03T07:00,26.7,90,0.0,72.0,55,11.9,0.6
2024-07-03T08:00,27.9,84,0.1,250.0,100,13.2,1.25
2024-07-03T09:00,27.7,87,1.0,196.0,100,12.9,1.45
2024-07-03T10:00,28.6,83,0.2,312.0,100,12.0,2.1
2024-07-03T11:00,30.0,76,0.0,459.0,100,12.0,5.9
2024-07-03T12:00,30.4,73,0.0,481.0,100,13.8,5.75
2024-07-03T13:00,30.9,73,0.1,668.0,100,13.4,4.9
2024-07-03T14:00,30.6,73,0.1,444.0,77,12.7,3.55
2024-07-03T15:00,29.5,79,0.5,461.0,100,14.2,1.65
2024-07-03T16:00,28.5,84,0.7,332.0,100,17.1,0.45
2024-07-03T17:00,27.5,90,1.1,101.0,100,15.4,0.15
2024-07-03T18:00,27.5,89,0.8,94.0,100,14.8,0.1
2024-07-03T19:00,27.4,85,0.0,24.0,100,10.0,0.0
2024-07-03T20:00,27.1,88,0.0,0.0,100,13.1,0.0
2024-07-03T21:00,26.8,90,0.0,0.0,100,12.3,0.0
2024-07-03T22:00,26.7,91,0.0,0.0,100,13.6,0.0
2024-07-03T23:00,26.6,91,0.0,0.0,100,12.6,0.0
2024-07-04T00:00,26.5,91,0.0,0.0,100,12.5,0.0
2024-07-04T01:00,26.3,92,0.2,0.0,100,12.7,0.0
2024-07-04T02:00,26.3,93,0.2,0.0,100,13.5,0.0
2024-07-04T03:00,25.9,95,0.3,0.0,100,12.0,0.0
2024-07-04T04:00,25.9,95,0.1,0.0,100,12.5,0.0
2024-07-04T05:00,25.9,94,0.1,0.0,100,14.6,0.0
2024-07-04T06:00,26.1,94,0.0,14.0,100,14.5,0.05
2024-07-04T07:00,26.0,93,1.2,63.0,100,13.6,0.2
2024-07-04T08:00,27.1,89,0.5,100.0,100,14.8,0.4
2024-07-04T09:00,28.1,87,0.2,167.0,100,17.6,0.7
2024-07-04T10:00,28.2,85,1.2,232.0,100,17.7,1.85
2024-07-04T11:00,29.4,79,0.1,402.0,100,21.3,3.55
2024-07-04T12:00,28.7,86,0.9,296.0,99,13.1,4.2
2024-07-04T13:00,29.3,83,2.3,402.0,100,20.9,3.05
2024-07-04T14:00,29.3,86,2.9,413.0,95,13.4,2.35
2024-07-04T15:00,30.1,80,0.8,476.0,100,20.3,1.7
2024-07-04T16:00,27.7,92,1.8,293.0,100,19.1,1.75
2024-07-04T17:00,28.0,89,0.3,146.0,100,11.5,0.55
2024-07-04T18:00,28.3,87,0.0,85.0,100,11.4,0.1
2024-07-04T19:00,27.4,87,0.3,22.0,100,14.8,0.0
2024-07-04T20:00,27.1,90,0.0,0.0,100,14.7,0.0
2024-07-04T21:00,26.8,91,0.0,0.0,100,16.3,0.0
2024-07-04T22:00,26.8,92,0.0,0.0,100,16.1,0.0
2024-07-04T23:00,26.7,92,0.0,0.0,100,15.5,0.0
2024-07-05T00:00,26.7,93,0.0,0.0,100,14.9,0.0
2024-07-05T01:00,26.5,94,0.1,0.0,99,14.0,0.0
2024-07-05T02:00,26.6,93,0.3,0.0,100,17.0,0.0
2024-07-05T03:00,26.5,94,0.4,0.0,100,14.8,0.0
2024-07-05T04:00,26.0,96,0.1,0.0,100,14.4,0.0
2024-07-05T05:00,25.7,96,0.4,0.0,100,13.5,0.0
2024-07-05T06:00,25.5,97,1.4,11.0,100,14.0,0.05
2024-07-05T07:00,26.2,94,4.1,61.0,100,15.3,0.55
2024-07-05T08:00,27.1,90,0.5,111.0,100,16.4,1.15
2024-07-05T09:00,28.1,85,0.1,254.0,100,21.3,1.85
2024-07-05T10:00,29.2,80,0.3,483.0,100,23.9,2.9
2024-07-05T11:00,30.5,74,0.2,599.0,100,21.1,4.6
2024-07-05T12:00,31.1,74,0.4,865.0,100,20.9,4.0
2024-07-05T13:00,31.2,71,0.0,755.0,100,19.8,6.95
2024-07-05T14:00,31.5,74,0.4,726.0,100,19.8,5.7
2024-07-05T15:00,29.2,83,1.2,372.0,100,14.3,3.9
2024-07-05T16:00,30.2,77,0.3,358.0,100,16.8,1.55
2024-07-05T17:00,29.9,77,0.2,220.0,100,17.7,0.35
2024-07-05T18:00,29.6,81,0.0,119.0,100,11.5,0.1
2024-07-05T19:00,27.6,89,0.0,17.0,100,11.3,0.0
2024-07-05T20:00,27.3,89,0.0,0.0,100,13.4,0.0
2024-07-05T21:00,26.9,91,0.0,0.0,100,13.7,0.0
2024-07-05T22:00,26.6,93,0.0,0.0,100,11.9,0.0
2024-07-05T23:00,26.4,93,0.0,0.0,100,13.1,0.0
2024-07-06T00:00,26.3,94,0.0,0.0,100,12.1,0.0
2024-07-06T01:00,26.3,94,0.0,0.0,100,12.0,0.0
2024-07-06T02:00,26.2,95,0.0,0.0,100,13.0,0.0
2024-07-06T03:00,26.1,95,0.0,0.0,100,13.3,0.0
2024-07-06T04:00,26.0,95,0.0,0.0,100,13.4,0.0
2024-07-06T05:00,26.0,95,0.0,0.0,100,12.6,0.0
2024-07-06T06:00,26.3,93,0.1,15.0,100,13.9,0.05
2024-07-06T07:00,27.5,87,0.1,137.0,99,17.1,0.4
2024-07-06T08:00,28.5,83,0.1,270.0,100,17.2,1.8
2024-07-06T09:00,29.5,80,0.0,425.0,100,15.8,4.15
2024-07-06T10:00,30.6,75,0.0,613.0,100,16.5,4.4
2024-07-06T11:00,30.3,73,0.4,557.0,100,19.7,3.6
2024-07-06T12:00,31.1,76,0.8,647.0,100,17.3,3.3
2024-07-06T13:00,30.9,74,1.1,781.0,100,18.8,3.4
2024-07-06T14:00,30.7,76,0.7,597.0,74,14.4,2.55
2024-07-06T15:00,31.8,69,0.1,676.0,96,16.2,2.55
2024-07-06T16:00,31.0,73,0.3,516.0,100,17.1,1.9
2024-07-06T17:00,29.8,80,0.3,285.0,100,17.5,0.7
2024-07-06T18:00,29.4,82,0.0,118.0,100,14.9,0.05
2024-07-06T19:00,28.5,80,0.0,23.0,98,14.2,0.0
2024-07-06T20:00,28.0,83,0.0,0.0,100,11.6,0.0
2024-07-06T21:00,27.7,84,0.0,0.0,100,9.7,0.0
2024-07-06T22:00,27.4,87,0.0,0.0,100,10.0,0.0
2024-07-06T23:00,27.0,89,0.0,0.0,100,9.8,0.0
2024-07-07T00:00,26.8,91,0.0,0.0,100,12.6,0.0
2024-07-07T01:00,26.5,92,0.0,0.0,98,9.4,0.0
2024-07-07T02:00,26.2,94,0.0,0.0,99,7.9,0.0
2024-07-07T03:00,26.1,95,0.0,0.0,96,5.6,0.0
2024-07-07T04:00,26.0,95,0.0,0.0,94,6.9,0.0
2024-07-07T05:00,26.0,95,0.0,0.0,100,8.9,0.0
2024-07-07T06:00,26.4,94,0.0,17.0,99,10.5,0.2
2024-07-07T07:00,27.7,87,0.0,138.0,100,14.2,0.8
2024-07-07T08:00,28.9,81,0.0,305.0,100,12.7,2.45
2024-07-07T09:00,30.0,75,0.1,441.0,97,13.0,4.7
2024-07-07T10:00,30.9,72,0.1,631.0,90,11.1,6.05
2024-07-07T11:00,31.9,70,0.0,768.0,97,10.1,9.7
2024-07-07T12:00,32.4,69,0.0,836.0,99,13.7,9.6
2024-07-07T13:00,32.5,68,0.1,840.0,100,15.0,9.6
2024-07-07T14:00,32.6,68,0.0,780.0,100,14.9,6.3
2024-07-07T15:00,32.7,68,0.0,627.0,100,13.8,3.85
2024-07-07T16:00,31.8,69,0.1,481.0,100,15.9,1.55
2024-07-07T17:00,30.6,76,0.1,236.0,100,13.7,0.65
2024-07-07T18:00,30.5,76,0.1,123.0,100,8.8,0.1
2024-07-07T19:00,29.2,81,0.0,22.0,100,6.8,0.0
2024-07-07T20:00,28.3,85,1.2,0.0,100,9.3,0.0
2024-07-07T21:00,27.7,91,1.5,0.0,100,5.7,0.0
2024-07-07T22:00,27.5,92,0.0,0.0,96,4.0,0.0
2024-07-07T23:00,27.4,94,0.0,0.0,100,5.0,0.0
2024-07-08T00:00,27.3,95,0.0,0.0,100,6.7,0.0
2024-07-08T01:00,27.2,94,0.0,0.0,100,9.0,0.0
2024-07-08T02:00,26.9,95,0.0,0.0,100,7.9,0.0
2024-07-08T03:00,26.6,97,0.0,0.0,100,5.9,0.0
2024-07-08T04:00,26.4,97,0.0,0.0,100,5.4,0.0
2024-07-08T05:00,26.3,97,0.0,0.0,88,5.5,0.0
2024-07-08T06:00,26.7,96,0.0,17.0,81,8.7,0.2
2024-07-08T07:00,28.2,87,0.1,128.0,100,11.2,0.95
2024-07-08T08:00,28.7,84,0.0,189.0,100,12.3,2.5
2024-07-08T09:00,29.8,78,0.1,427.0,100,13.8,5.2
2024-07-08T10:00,30.4,74,0.0,531.0,100,13.8,7.8
2024-07-08T11:00,30.8,75,0.0,561.0,100,12.5,8.45
2024-07-08T12:00,31.6,70,0.1,714.0,99,13.6,10.4
2024-07-08T13:00,31.9,69,0.2,813.0,100,15.9,9.6
2024-07-08T14:00,32.1,68,0.1,763.0,100,17.1,6.85
2024-07-08T15:00,31.5,69,0.0,424.0,100,16.4,3.55
2024-07-08T16:00,31.2,70,0.0,371.0,100,17.8,1.45
2024-07-08T17:00,30.6,73,0.0,266.0,100,15.7,0.55
2024-07-08T18:00,30.0,77,0.0,135.0,100,13.4,0.1
2024-07-08T19:00,28.3,83,0.0,15.0,100,11.5,0.0
2024-07-08T20:00,28.0,84,0.0,0.0,100,9.0,0.0
2024-07-08T21:00,27.6,86,0.0,0.0,100,7.4,0.0
2024-07-08T22:00,27.4,87,0.0,0.0,100,7.9,0.0
2024-07-08T23:00,27.4,88,0.0,0.0,100,8.7,0.0
2024-07-09T00:00,27.3,89,0.0,0.0,100,9.8,0.0
2024-07-09T01:00,27.0,91,0.0,0.0,100,9.2,0.0
2024-07-09T02:00,26.8,92,0.0,0.0,100,8.7,0.0
2024-07-09T03:00,26.8,92,0.2,0.0,100,10.8,0.0
2024-07-09T04:00,26.4,93,0.0,0.0,85,8.4,0.0
2024-07-09T05:00,26.4,93,0.0,0.0,100,10.3,0.0
2024-07-09T06:00,26.5,93,0.2,7.0,100,10.6,0.15
2024-07-09T07:00,27.8,87,0.0,122.0,78,13.5,0.8
2024-07-09T08:00,28.8,82,0.1,285.0,92,15.7,1.8
2024-07-09T09:00,29.4,82,0.1,362.0,88,14.6,3.25
2024-07-09T10:00,30.6,77,0.1,571.0,99,12.8,5.1
2024-07-09T11:00,31.4,72,0.1,556.0,100,12.6,5.75
2024-07-09T12:00,30.5,74,1.2,376.0,83,14.4,6.05
2024-07-09T13:00,31.3,72,0.3,572.0,61,14.8,6.05
2024-07-09T14:00,31.8,69,0.1,675.0,94,16.3,3.45
2024-07-09T15:00,31.4,75,0.3,524.0,94,14.8,2.2
2024-07-09T16:00,30.2,76,0.6,473.0,100,17.5,0.8
2024-07-09T17:00,28.5,86,0.1,227.0,99,10.5,0.25
2024-07-09T18:00,28.7,86,0.5,143.0,100,10.4,0.15
2024-07-09T19:00,28.6,83,0.0,23.0,95,11.1,0.0
2024-07-09T20:00,28.1,86,0.0,0.0,98,11.8,0.0
2024-07-09T21:00,27.8,88,0.0,0.0,100,12.1,0.0
2024-07-09T22:00,27.6,89,0.0,0.0,100,10.9,0.0
2024-07-09T23:00,27.3,90,0.0,0.0,100,11.3,0.0
2024-07-10T00:00,27.2,91,0.0,0.0,100,11.5,0.0
2024-07-10T01:00,27.2,91,0.0,0.0,100,11.0,0.0
2024-07-10T02:00,27.1,91,0.0,0.0,100,10.1,0.0
2024-07-10T03:00,26.9,92,0.0,0.0,100,9.7,0.0
2024-07-10T04:00,26.8,92,0.0,0.0,100,9.7,0.0
2024-07-10T05:00,26.6,93,0.1,0.0,100,9.4,0.0
2024-07-10T06:00,27.0,92,0.0,13.0,100,11.9,0.2
2024-07-10T07:00,27.8,88,0.0,86.0,100,14.8,0.8
2024-07-10T08:00,28.6,83,0.0,209.0,96,15.9,2.1
2024-07-10T09:00,29.9,80,0.2,427.0,46,15.9,3.6
2024-07-10T10:00,31.5,72,0.0,613.0,100,16.9,3.85
2024-07-10T11:00,30.7,73,0.4,402.0,78,15.6,4.05
2024-07-10T12:00,31.3,75,0.6,504.0,100,12.6,4.0
2024-07-10T13:00,29.2,81,0.4,259.0,95,18.6,3.1
2024-07-10T14:00,31.0,75,0.1,645.0,90,12.6,2.25
2024-07-10T15:00,30.9,75,1.8,557.0,99,17.0,1.9
2024-07-10T16:00,29.8,80,1.0,305.0,99,13.3,1.3
2024-07-10T17:00,30.3,78,0.0,282.0,100,13.9,0.6
2024-07-10T18:00,28.7,84,0.9,131.0,100,9.7,0.1
2024-07-10T19:00,28.6,82,0.0,25.0,94,13.1,0.0
2024-07-10T20:00,28.2,84,0.0,0.0,100,12.2,0.0
2024-07-10T21:00,28.0,85,0.0,0.0,100,13.0,0.0
2024-07-10T22:00,27.9,87,0.0,0.0,100,12.4,0.0
2024-07-10T23:00,27.8,88,0.0,0.0,100,14.9,0.0
2024-07-11T00:00,27.7,88,0.0,0.0,100,14.0,0.0
2024-07-11T01:00,27.4,89,0.0,0.0,99,13.0,0.0
2024-07-11T02:00,27.1,90,0.0,0.0,95,13.3,0.0
2024-07-11T03:00,27.0,90,0.0,0.0,100,12.0,0.0
2024-07-11T04:00,26.8,91,0.0,0.0,98,11.5,0.0
2024-07-11T05:00,26.7,92,0.0,0.0,94,11.9,0.0
2024-07-11T06:00,27.0,91,0.0,16.0,96,13.8,0.15
2024-07-11T07:00,28.3,84,0.0,139.0,97,19.6,0.7
2024-07-11T08:00,29.0,81,0.1,220.0,80,18.6,2.25
2024-07-11T09:00,30.5,75,0.1,480.0,81,17.7,4.9
2024-07-11T10:00,31.0,74,0.2,655.0,98,16.8,5.75
2024-07-11T11:00,32.5,71,0.1,805.0,100,13.7,5.25
2024-07-11T12:00,31.1,76,1.1,541.0,100,15.9,4.1
2024-07-11T13:00,29.9,79,0.4,408.0,76,17.9,2.05
2024-07-11T14:00,31.3,75,0.3,631.0,47,11.0,0.75
2024-07-11T15:00,30.1,77,1.1,631.0,88,20.0,1.2
2024-07-11T16:00,28.9,84,0.5,334.0,26,14.4,1.1
2024-07-11T17:00,28.0,89,5.4,328.0,100,11.1,0.45
2024-07-11T18:00,27.6,92,2.8,58.0,100,13.3,0.1
2024-07-11T19:00,27.7,90,3.3,20.0,99,8.9,0.0
2024-07-11T20:00,27.6,90,0.4,0.0,99,11.4,0.0
2024-07-11T21:00,27.4,92,0.0,0.0,75,11.9,0.0
2024-07-11T22:00,27.2,93,0.0,0.0,100,12.3,0.0
2024-07-11T23:00,27.0,93,0.0,0.0,90,13.0,0.0
2024-07-12T00:00,26.9,93,0.0,0.0,97,12.6,0.0
2024-07-12T01:00,26.6,93,0.1,0.0,99,12.8,0.0
2024-07-12T02:00,26.6,94,0.2,0.0,99,13.4,0.0
2024-07-12T03:00,26.5,94,0.3,0.0,99,14.7,0.0
2024-07-12T04:00,25.9,96,0.0,0.0,100,12.3,0.0
2024-07-12T05:00,25.9,97,0.4,0.0,100,13.7,0.0
2024-07-12T06:00,26.2,96,0.1,8.0,100,14.3,0.05
2024-07-12T07:00,26.0,97,0.7,24.0,100,12.2,0.15
2024-07-12T08:00,26.7,92,0.4,167.0,100,16.7,0.45
2024-07-12T09:00,26.3,94,0.7,122.0,100,14.3,1.4
2024-07-12T10:00,27.6,86,0.8,254.0,100,19.6,1.85
2024-07-12T11:00,28.6,81,0.1,341.0,100,15.7,1.75
2024-07-12T12:00,29.6,78,0.1,471.0,100,16.9,2.2
2024-07-12T13:00,29.7,80,0.3,418.0,100,15.1,2.85
2024-07-12T14:00,31.4,76,0.2,813.0,98,12.3,3.05
2024-07-12T15:00,31.9,71,0.0,629.0,100,13.8,1.9
2024-07-12T16:00,31.0,73,0.1,368.0,100,15.1,1.45
2024-07-12T17:00,29.4,78,0.6,211.0,98,15.5,0.45
2024-07-12T18:00,28.5,86,0.4,113.0,98,13.7,0.1
2024-07-12T19:00,27.7,86,0.0,19.0,96,12.5,0.0
2024-07-12T20:00,27.3,87,0.0,0.0,84,10.5,0.0
2024-07-12T21:00,27.1,88,0.1,0.0,100,12.5,0.0
2024-07-12T22:00,27.0,89,0.1,0.0,89,10.7,0.0
2024-07-12T23:00,26.6,92,0.1,0.0,100,8.2,0.0
2024-07-13T00:00,26.6,93,0.1,0.0,49,9.4,0.0
2024-07-13T01:00,26.4,94,0.0,0.0,99,8.8,0.0
2024-07-13T02:00,26.0,96,0.0,0.0,95,8.0,0.0
2024-07-13T03:00,26.0,96,0.0,0.0,31,8.8,0.0
2024-07-13T04:00,25.8,96,0.0,0.0,99,7.4,0.0
2024-07-13T05:00,25.6,98,0.0,0.0,100,7.3,0.0
2024-07-13T06:00,26.0,96,0.0,11.0,100,8.1,0.1
2024-07-13T07:00,27.4,88,0.0,113.0,100,9.6,0.35
2024-07-13T08:00,28.9,81,0.0,306.0,100,9.9,1.2
2024-07-13T09:00,29.6,77,0.1,330.0,97,9.4,3.15
2024-07-13T10:00,30.7,73,0.2,617.0,36,9.5,4.45
2024-07-13T11:00,31.6,72,0.1,712.0,30,9.3,5.85
2024-07-13T12:00,32.6,68,0.0,872.0,100,9.2,2.9
2024-07-13T13:00,31.8,69,0.1,509.0,86,10.2,6.25
2024-07-13T14:00,31.7,69,0.3,607.0,96,11.7,4.85
2024-07-13T15:00,32.2,71,0.2,656.0,86,10.1,2.1
2024-07-13T16:00,32.4,68,0.0,465.0,77,10.9,0.8
2024-07-13T17:00,32.2,67,0.0,348.0,91,13.0,0.5
2024-07-13T18:00,31.1,75,0.0,119.0,100,9.0,0.1
2024-07-13T19:00,29.4,80,0.0,26.0,62,6.5,0.0
2024-07-13T20:00,28.9,83,0.0,0.0,99,8.2,0.0
2024-07-13T21:00,28.5,84,0.0,0.0,99,9.8,0.0
2024-07-13T22:00,28.1,84,0.0,0.0,94,10.3,0.0
2024-07-13T23:00,27.8,87,0.0,0.0,99,10.7,0.0
2024-07-14T00:00,27.4,89,0.0,0.0,99,12.3,0.0
2024-07-14T01:00,27.0,91,0.0,0.0,25,12.3,0.0
2024-07-14T02:00,26.7,94,0.0,0.0,86,10.4,0.0
2024-07-14T03:00,26.5,95,0.0,0.0,79,8.8,0.0
2024-07-14T04:00,26.3,96,0.0,0.0,100,8.2,0.0
2024-07-14T05:00,26.3,95,0.0,0.0,21,8.7,0.0
2024-07-14T06:00,26.7,93,0.0,15.0,60,11.0,0.15
2024-07-14T07:00,27.8,86,0.0,116.0,100,12.6,0.85
2024-07-14T08:00,29.0,80,0.0,243.0,100,11.2,2.4
2024-07-14T09:00,29.8,75,0.1,360.0,100,11.2,4.15
2024-07-14T10:00,30.5,73,0.1,472.0,100,11.1,8.1
2024-07-14T11:00,31.5,68,0.1,635.0,97,11.8,10.1
2024-07-14T12:00,32.6,65,0.0,754.0,100,13.0,9.75
2024-07-14T13:00,33.4,62,0.1,899.0,97,12.3,8.0
2024-07-14T14:00,33.4,61,0.1,800.0,55,13.5,6.2
2024-07-14T15:00,32.2,70,0.1,557.0,91,14.1,4.55
2024-07-14T16:00,32.3,70,0.2,518.0,98,14.4,2.55
2024-07-14T17:00,31.8,71,0.1,293.0,99,13.1,0.8
2024-07-14T18:00,31.2,74,0.0,160.0,98,11.4,0.15
2024-07-14T19:00,29.6,81,0.0,26.0,91,7.1,0.0
2024-07-14T20:00,28.6,86,0.0,0.0,88,4.9,0.0
2024-07-14T21:00,28.2,88,0.0,0.0,76,5.2,0.0
2024-07-14T22:00,28.1,86,0.0,0.0,100,7.0,0.0
2024-07-14T23:00,27.8,87,0.0,0.0,100,6.2,0.0
2024-07-15T00:00,27.9,87,0.0,0.0,100,8.1,0.0
2024-07-15T01:00,27.7,88,0.0,0.0,100,6.8,0.0
2024-07-15T02:00,27.4,89,0.0,0.0,100,8.1,0.0
2024-07-15T03:00,27.3,90,0.0,0.0,100,9.2,0.0
2024-07-15T04:00,27.2,90,0.0,0.0,100,9.3,0.0
2024-07-15T05:00,27.1,90,0.0,0.0,100,10.5,0.0
2024-07-15T06:00,27.3,90,0.0,12.0,100,12.5,0.15
2024-07-15T07:00,28.7,86,0.0,135.0,99,10.2,0.8
2024-07-15T08:00,30.1,77,0.0,333.0,99,14.7,2.5
2024-07-15T09:00,30.6,72,0.1,440.0,100,20.3,5.0
2024-07-15T10:00,31.6,70,0.0,581.0,100,18.0,6.4
2024-07-15T11:00,32.0,68,0.2,645.0,100,17.6,6.95
2024-07-15T12:00,32.1,72,0.5,751.0,100,16.7,5.35
2024-07-15T13:00,33.1,69,0.0,789.0,100,14.8,5.55
2024-07-15T14:00,33.3,68,0.0,775.0,100,15.0,4.55
2024-07-15T15:00,32.5,68,0.4,656.0,100,17.2,3.1
2024-07-15T16:00,32.2,69,0.2,386.0,100,18.9,1.85
2024-07-15T17:00,31.6,71,0.0,277.0,100,19.6,0.7
2024-07-15T18:00,30.7,75,0.0,131.0,100,17.9,0.1
2024-07-15T19:00,30.1,75,0.0,16.0,100,13.9,0.0
2024-07-15T20:00,29.6,78,0.0,0.0,100,14.5,0.0
2024-07-15T21:00,29.1,81,0.0,0.0,100,10.7,0.0
2024-07-15T22:00,28.9,83,0.0,0.0,100,12.0,0.0
2024-07-15T23:00,28.6,84,0.0,0.0,100,12.2,0.0
2024-07-16T00:00,28.2,86,0.0,0.0,100,12.6,0.0
2024-07-16T01:00,28.1,87,0.0,0.0,100,13.7,0.0
2024-07-16T02:00,27.9,86,0.0,0.0,100,14.3,0.0
2024-07-16T03:00,27.9,85,0.0,0.0,100,12.7,0.0
2024-07-16T04:00,27.6,85,0.0,0.0,100,12.7,0.0
2024-07-16T05:00,27.6,85,0.0,0.0,100,13.3,0.0
2024-07-16T06:00,27.8,84,0.0,8.0,100,14.5,0.1
2024-07-16T07:00,27.8,84,0.0,57.0,100,14.6,0.55
2024-07-16T08:00,28.2,82,0.0,86.0,100,14.6,1.45
2024-07-16T09:00,28.8,79,0.0,148.0,100,16.8,1.9
2024-07-16T10:00,29.8,75,0.1,330.0,100,16.5,2.8
2024-07-16T11:00,30.7,71,0.1,480.0,100,16.1,5.15
2024-07-16T12:00,31.0,72,0.1,438.0,100,15.6,8.6
2024-07-16T13:00,31.9,73,0.2,747.0,100,15.3,8.2
2024-07-16T14:00,31.3,75,1.0,700.0,100,12.7,5.1
2024-07-16T15:00,31.2,77,0.3,580.0,100,11.4,2.85
2024-07-16T16:00,31.6,74,0.0,448.0,100,11.2,1.85
2024-07-16T17:00,30.8,77,0.2,326.0,100,12.8,0.55
2024-07-16T18:00,30.7,77,0.0,129.0,100,11.5,0.1
2024-07-16T19:00,29.5,80,0.0,22.0,98,8.5,0.0
2024-07-16T20:00,28.8,84,0.0,0.0,100,7.9,0.0
2024-07-16T21:00,28.3,87,0.0,0.0,90,8.2,0.0
2024-07-16T22:00,28.0,89,0.0,0.0,67,8.5,0.0
2024-07-16T23:00,27.7,90,0.0,0.0,100,9.2,0.0
2024-07-17T00:00,27.5,90,0.0,0.0,100,10.0,0.0
2024-07-17T01:00,27.4,91,0.0,0.0,100,8.5,0.0
2024-07-17T02:00,27.3,91,0.0,0.0,100,7.2,0.0
2024-07-17T03:00,27.1,93,0.0,0.0,100,6.1,0.0
2024-07-17T04:00,27.0,93,0.1,0.0,100,6.5,0.0
2024-07-17T05:00,26.9,94,0.1,0.0,98,7.2,0.0
2024-07-17T06:00,27.2,92,0.0,13.0,100,9.5,0.15
2024-07-17T07:00,28.2,86,0.0,124.0,100,12.2,0.85
2024-07-17T08:00,29.4,81,0.0,265.0,76,11.1,2.4
2024-07-17T09:00,30.5,76,0.1,449.0,100,10.8,5.45
2024-07-17T10:00,31.5,71,0.1,657.0,100,10.9,7.55
2024-07-17T11:00,32.5,67,0.1,785.0,100,10.8,9.85
2024-07-17T12:00,33.0,66,0.1,778.0,100,10.9,9.9
2024-07-17T13:00,33.3,67,0.2,798.0,100,9.5,9.45
2024-07-17T14:00,33.6,64,0.1,742.0,90,7.9,7.6
2024-07-17T15:00,33.8,66,0.0,696.0,81,8.2,4.45
2024-07-17T16:00,33.3,69,0.1,494.0,95,7.0,1.55
2024-07-17T17:00,32.2,71,0.1,359.0,100,10.7,0.5
2024-07-17T18:00,31.4,77,0.2,126.0,100,10.0,0.1
2024-07-17T19:00,30.5,78,0.0,25.0,100,5.0,0.0
2024-07-17T20:00,29.8,80,0.0,0.0,80,7.6,0.0
2024-07-17T21:00,29.2,81,0.0,0.0,99,6.9,0.0
2024-07-17T22:00,28.7,83,0.0,0.0,99,6.2,0.0
2024-07-17T23:00,28.4,84,0.0,0.0,100,6.7,0.0
2024-07-18T00:00,28.1,86,0.0,0.0,99,6.2,0.0
2024-07-18T01:00,27.8,88,0.0,0.0,100,5.8,0.0
2024-07-18T02:00,27.6,90,0.0,0.0,99,7.6,0.0
2024-07-18T03:00,27.4,92,0.0,0.0,100,6.5,0.0
2024-07-18T04:00,27.1,95,0.0,0.0,100,5.0,0.0
2024-07-18T05:00,27.0,96,0.0,0.0,100,5.0,0.0
2024-07-18T06:00,27.3,94,0.0,11.0,100,6.4,0.15
2024-07-18T07:00,28.8,85,0.0,118.0,100,2.9,0.95
2024-07-18T08:00,30.1,77,0.0,268.0,100,2.9,2.7
2024-07-18T09:00,31.3,71,0.0,473.0,95,6.0,5.2
2024-07-18T10:00,32.6,67,0.0,714.0,89,8.9,6.9
2024-07-18T11:00,33.7,62,0.0,780.0,91,11.9,8.05
2024-07-18T12:00,34.1,61,0.0,853.0,100,11.2,8.5
2024-07-18T13:00,34.7,59,0.1,862.0,100,9.2,6.95
2024-07-18T14:00,34.9,58,0.1,729.0,100,9.4,5.0
2024-07-18T15:00,34.8,59,0.1,673.0,90,9.4,2.8
2024-07-18T16:00,34.3,61,0.1,521.0,92,9.5,1.3
2024-07-18T17:00,33.0,69,0.0,357.0,76,12.8,0.45
2024-07-18T18:00,31.9,75,0.0,156.0,92,11.9,0.05
2024-07-18T19:00,31.7,75,0.0,23.0,100,6.2,0.0
2024-07-18T20:00,27.4,92,1.2,0.0,100,17.9,0.0
2024-07-18T21:00,27.8,92,0.3,0.0,100,5.6,0.0
2024-07-18T22:00,27.9,94,0.0,0.0,100,3.6,0.0
2024-07-18T23:00,28.1,93,0.0,0.0,100,4.6,0.0
2024-07-19T00:00,28.3,90,0.0,0.0,100,7.9,0.0
2024-07-19T01:00,28.1,90,0.0,0.0,100,8.0,0.0
2024-07-19T02:00,27.9,92,0.0,0.0,100,8.9,0.0
2024-07-19T03:00,27.8,92,0.0,0.0,100,10.0,0.0
2024-07-19T04:00,27.7,92,0.0,0.0,100,10.7,0.0
2024-07-19T05:00,27.5,93,0.0,0.0,100,11.2,0.0
2024-07-19T06:00,27.5,93,0.0,11.0,98,12.8,0.15
2024-07-19T07:00,29.0,85,0.0,144.0,88,12.6,0.85
2024-07-19T08:00,30.2,76,0.0,339.0,79,15.0,2.5
2024-07-19T09:00,31.1,72,0.0,474.0,67,16.7,4.65
2024-07-19T10:00,32.0,70,0.0,609.0,88,16.6,7.05
2024-07-19T11:00,33.0,67,0.0,839.0,9,15.8,8.8
2024-07-19T12:00,33.3,67,0.1,879.0,100,16.8,6.4
2024-07-19T13:00,33.4,67,0.1,852.0,47,17.1,7.65
2024-07-19T14:00,33.2,63,0.7,814.0,80,19.2,6.15
2024-07-19T15:00,32.6,67,0.3,484.0,99,17.7,3.2
2024-07-19T16:00,32.6,66,0.1,531.0,100,21.6,1.4
2024-07-19T17:00,31.6,70,0.1,277.0,100,18.7,0.7
2024-07-19T18:00,30.9,73,0.0,143.0,100,16.7,0.1
2024-07-19T19:00,30.0,75,0.0,25.0,100,13.0,0.0
2024-07-19T20:00,29.4,78,0.0,0.0,100,12.2,0.0
2024-07-19T21:00,29.0,80,0.0,0.0,98,12.3,0.0
2024-07-19T22:00,28.6,82,0.0,0.0,97,13.3,0.0
2024-07-19T23:00,28.3,84,0.0,0.0,100,12.8,0.0
2024-07-20T00:00,28.1,84,0.0,0.0,100,12.8,0.0
2024-07-20T01:00,27.9,85,0.0,0.0,100,13.9,0.0
2024-07-20T02:00,27.8,85,0.0,0.0,100,14.8,0.0
2024-07-20T03:00,27.7,85,0.0,0.0,100,15.3,0.0
2024-07-20T04:00,27.8,84,0.0,0.0,100,15.1,0.0
2024-07-20T05:00,27.6,84,0.0,0.0,100,14.5,0.0
2024-07-20T06:00,27.7,84,0.0,7.0,100,15.8,0.15
2024-07-20T07:00,28.3,82,0.0,110.0,100,21.2,0.7
2024-07-20T08:00,29.4,78,0.1,265.0,100,21.8,2.5
2024-07-20T09:00,29.9,76,0.1,308.0,100,20.5,4.45
2024-07-20T10:00,31.4,73,0.1,653.0,99,19.1,6.7
2024-07-20T11:00,32.3,70,0.0,775.0,100,18.6,10.25
2024-07-20T12:00,31.8,70,0.6,840.0,96,20.0,10.05
2024-07-20T13:00,32.6,67,0.8,684.0,100,20.0,6.5
2024-07-20T14:00,32.6,65,0.4,800.0,100,20.3,6.3
2024-07-20T15:00,31.9,71,0.4,485.0,100,19.7,4.1
2024-07-20T16:00,32.1,68,0.7,423.0,100,21.6,1.9
2024-07-20T17:00,31.6,69,0.0,301.0,100,23.0,0.5
2024-07-20T18:00,30.6,75,0.0,134.0,100,19.8,0.15
2024-07-20T19:00,29.7,79,0.0,22.0,100,10.7,0.0
2024-07-20T20:00,29.3,80,0.0,0.0,100,12.7,0.0
2024-07-20T21:00,28.6,82,0.1,0.0,100,15.5,0.0
2024-07-20T22:00,28.2,85,0.0,0.0,100,17.2,0.0
2024-07-20T23:00,27.7,86,0.1,0.0,100,17.1,0.0
2024-07-21T00:00,27.5,88,0.0,0.0,100,15.9,0.0
2024-07-21T01:00,27.3,89,0.1,0.0,100,16.1,0.0
2024-07-21T02:00,27.2,90,0.0,0.0,100,16.5,0.0
2024-07-21T03:00,27.1,90,0.0,0.0,100,15.5,0.0
2024-07-21T04:00,26.9,90,0.0,0.0,100,13.9,0.0
2024-07-21T05:00,27.0,89,0.0,0.0,100,14.8,0.0
2024-07-21T06:00,27.1,89,0.0,6.0,100,14.6,0.1
2024-07-21T07:00,27.9,86,0.0,90.0,100,19.7,0.6
2024-07-21T08:00,28.9,81,0.1,249.0,90,20.4,1.65
2024-07-21T09:00,30.1,77,0.2,443.0,99,21.1,4.15
2024-07-21T10:00,31.0,76,0.0,633.0,87,19.2,5.25
2024-07-21T11:00,31.9,71,0.0,785.0,70,19.6,4.35
2024-07-21T12:00,32.1,72,0.3,623.0,100,17.7,4.0
2024-07-21T13:00,31.3,75,1.6,685.0,98,18.6,6.45
2024-07-21T14:00,32.3,69,0.1,697.0,99,20.3,6.3
2024-07-21T15:00,31.3,73,0.3,378.0,100,18.9,3.05
2024-07-21T16:00,30.1,80,1.9,273.0,100,17.2,1.85
2024-07-21T17:00,29.8,80,0.2,164.0,100,17.9,0.65
2024-07-21T18:00,29.2,81,0.1,92.0,100,19.5,0.1
2024-07-21T19:00,28.9,80,0.0,20.0,100,17.3,0.0
2024-07-21T20:00,28.4,82,0.0,0.0,100,18.5,0.0
2024-07-21T21:00,28.1,84,0.0,0.0,100,16.4,0.0
2024-07-21T22:00,27.8,86,0.0,0.0,98,16.4,0.0
2024-07-21T23:00,27.6,87,0.0,0.0,100,17.8,0.0
2024-07-22T00:00,27.4,87,0.1,0.0,100,18.5,0.0
2024-07-22T01:00,27.2,88,0.0,0.0,100,16.6,0.0
2024-07-22T02:00,26.9,88,0.0,0.0,100,18.3,0.0
2024-07-22T03:00,26.6,89,0.1,0.0,100,14.6,0.0
2024-07-22T04:00,26.7,90,0.3,0.0,100,13.9,0.0
2024-07-22T05:00,26.4,93,0.3,0.0,100,15.0,0.0
2024-07-22T06:00,26.5,93,0.0,11.0,100,14.2,0.15
2024-07-22T07:00,27.8,84,0.0,98.0,100,21.1,0.85
2024-07-22T08:00,28.5,82,0.0,228.0,100,19.8,2.1
2024-07-22T09:00,29.5,79,0.2,379.0,99,20.8,3.7
2024-07-22T10:00,30.7,76,0.1,580.0,100,20.5,2.6
2024-07-22T11:00,28.2,86,5.0,384.0,100,18.2,3.3
2024-07-22T12:00,27.8,87,4.9,258.0,100,22.1,4.85
2024-07-22T13:00,27.6,91,4.9,130.0,100,19.8,4.1
2024-07-22T14:00,27.7,88,3.2,193.0,100,22.3,4.65
2024-07-22T15:00,28.7,85,0.5,253.0,100,19.6,2.6
2024-07-22T16:00,29.3,82,0.4,437.0,100,22.1,2.0
2024-07-22T17:00,29.0,82,0.2,269.0,99,24.6,0.65
2024-07-22T18:00,28.5,83,0.0,147.0,100,24.6,0.05
2024-07-22T19:00,27.7,82,0.0,14.0,100,19.2,0.0
2024-07-22T20:00,27.4,83,0.0,0.0,100,17.4,0.0
2024-07-22T21:00,27.3,85,0.0,0.0,100,18.2,0.0
2024-07-22T22:00,27.1,87,0.0,0.0,100,16.1,0.0
2024-07-22T23:00,27.0,89,0.2,0.0,100,17.6,0.0
2024-07-23T00:00,26.9,90,0.1,0.0,100,17.8,0.0
2024-07-23T01:00,26.8,90,0.2,0.0,100,18.5,0.0
2024-07-23T02:00,26.5,91,0.2,0.0,100,19.1,0.0
2024-07-23T03:00,26.2,91,0.1,0.0,100,17.8,0.0
2024-07-23T04:00,26.0,92,0.0,0.0,100,16.3,0.0
2024-07-23T05:00,25.9,93,0.2,0.0,95,15.3,0.0
2024-07-23T06:00,26.0,93,0.1,10.0,100,15.7,0.15
2024-07-23T07:00,27.5,86,0.1,113.0,100,20.0,0.55
2024-07-23T08:00,28.2,83,0.1,231.0,100,24.6,1.8
2024-07-23T09:00,29.2,78,0.1,353.0,100,24.7,2.45
2024-07-23T10:00,30.5,73,0.1,559.0,98,25.8,3.55
2024-07-23T11:00,31.1,74,0.2,685.0,98,24.5,7.0
2024-07-23T12:00,31.5,71,0.1,641.0,81,25.5,7.1
2024-07-23T13:00,31.8,68,0.1,821.0,83,26.4,8.45
2024-07-23T14:00,31.9,70,0.3,701.0,85,25.1,7.8
2024-07-23T15:00,32.0,70,0.1,651.0,100,24.4,4.95
2024-07-23T16:00,31.6,70,0.0,495.0,100,24.2,2.1
2024-07-23T17:00,30.9,72,0.0,283.0,100,20.7,0.65
2024-07-23T18:00,30.1,76,0.1,130.0,98,18.6,0.05
2024-07-23T19:00,29.0,78,0.0,14.0,96,15.8,0.0
2024-07-23T20:00,28.3,81,0.0,0.0,97,14.8,0.0
2024-07-23T21:00,27.9,85,0.0,0.0,100,14.8,0.0
2024-07-23T22:00,27.7,87,0.1,0.0,100,14.3,0.0
2024-07-23T23:00,27.6,88,0.2,0.0,100,13.0,0.0
2024-07-24T00:00,27.3,90,0.3,0.0,100,13.0,0.0
2024-07-24T01:00,27.0,93,0.6,0.0,100,12.3,0.0
2024-07-24T02:00,26.7,94,0.7,0.0,100,13.8,0.0
2024-07-24T03:00,26.6,95,0.5,0.0,100,14.3,0.0
2024-07-24T04:00,26.5,96,0.2,0.0,100,14.3,0.0
2024-07-24T05:00,26.4,96,0.1,0.0,100,13.1,0.0
2024-07-24T06:00,26.3,96,0.0,8.0,100,14.2,0.15
2024-07-24T07:00,27.7,88,0.0,124.0,96,16.6,0.7
2024-07-24T08:00,28.7,82,0.0,267.0,100,16.9,2.25
2024-07-24T09:00,29.7,78,0.1,311.0,100,16.8,4.05
2024-07-24T10:00,30.6,77,0.1,526.0,100,17.8,5.7
2024-07-24T11:00,31.6,74,0.1,686.0,100,16.8,5.8
2024-07-24T12:00,32.1,71,0.1,627.0,100,16.3,4.4
2024-07-24T13:00,31.7,74,1.0,718.0,44,17.4,3.8
2024-07-24T14:00,32.4,71,0.1,692.0,55,17.9,3.15
2024-07-24T15:00,32.3,70,0.3,671.0,75,19.5,2.5
2024-07-24T16:00,31.3,72,1.4,386.0,99,19.3,1.4
2024-07-24T17:00,30.3,79,0.0,212.0,100,16.8,0.6
2024-07-24T18:00,30.0,81,0.0,133.0,95,16.3,0.1
2024-07-24T19:00,29.3,81,0.0,21.0,88,14.2,0.0
2024-07-24T20:00,28.7,85,0.0,0.0,99,14.3,0.0
2024-07-24T21:00,28.2,86,0.0,0.0,96,13.7,0.0
2024-07-24T22:00,27.9,88,0.0,0.0,98,13.6,0.0
2024-07-24T23:00,27.7,89,0.0,0.0,100,13.0,0.0
2024-07-25T00:00,27.4,90,0.0,0.0,97,11.2,0.0
2024-07-25T01:00,27.0,92,0.0,0.0,99,10.7,0.0
2024-07-25T02:00,27.0,92,0.0,0.0,99,9.4,0.0
2024-07-25T03:00,26.7,93,0.0,0.0,92,10.5,0.0
2024-07-25T04:00,26.6,93,0.0,0.0,97,11.5,0.0
2024-07-25T05:00,26.4,94,0.0,0.0,89,11.5,0.0
2024-07-25T06:00,26.7,93,0.0,11.0,99,11.9,0.1
2024-07-25T07:00,28.0,86,0.0,113.0,100,17.6,0.7
2024-07-25T08:00,28.9,82,0.1,209.0,100,15.8,2.35
2024-07-25T09:00,30.1,77,0.1,396.0,93,15.9,4.65
2024-07-25T10:00,31.1,73,0.1,565.0,23,15.0,6.8
2024-07-25T11:00,32.4,71,0.0,792.0,38,15.0,10.1
2024-07-25T12:00,32.4,68,0.2,759.0,55,17.1,10.65
2024-07-25T13:00,32.9,68,0.1,779.0,91,17.4,8.75
2024-07-25T14:00,33.6,64,0.0,775.0,59,20.6,7.25
2024-07-25T15:00,32.4,70,0.2,635.0,100,23.9,4.6
2024-07-25T16:00,31.8,70,0.2,448.0,96,26.9,1.8
2024-07-25T17:00,31.2,73,0.1,226.0,100,20.9,0.6
2024-07-25T18:00,30.3,78,0.0,121.0,100,18.3,0.1
2024-07-25T19:00,30.0,77,0.0,22.0,93,6.2,0.0
2024-07-25T20:00,29.5,80,0.0,0.0,100,7.1,0.0
2024-07-25T21:00,29.2,80,0.0,0.0,100,11.7,0.0
2024-07-25T22:00,28.8,81,0.0,0.0,100,11.5,0.0
2024-07-25T23:00,28.6,82,0.0,0.0,100,11.0,0.0
2024-07-26T00:00,27.9,85,0.0,0.0,100,9.4,0.0
2024-07-26T01:00,27.6,87,0.0,0.0,100,8.6,0.0
2024-07-26T02:00,27.4,88,0.0,0.0,100,8.3,0.0
2024-07-26T03:00,27.1,90,0.0,0.0,100,7.8,0.0
2024-07-26T04:00,27.2,90,0.0,0.0,100,8.0,0.0
2024-07-26T05:00,27.3,90,0.1,0.0,100,13.0,0.0
2024-07-26T06:00,27.2,91,0.3,6.0,100,16.2,0.15
2024-07-26T07:00,29.0,81,0.0,121.0,100,16.9,1.0
2024-07-26T08:00,29.7,78,0.0,257.0,100,16.2,2.75
2024-07-26T09:00,30.7,74,0.1,380.0,99,23.0,3.9
2024-07-26T10:00,31.5,71,0.2,601.0,100,23.8,5.3
2024-07-26T11:00,31.1,73,0.4,548.0,97,24.2,6.35
2024-07-26T12:00,32.3,71,0.1,734.0,92,21.3,9.7
2024-07-26T13:00,33.3,68,0.0,767.0,89,21.9,8.65
2024-07-26T14:00,32.5,70,0.8,828.0,99,23.5,5.6
2024-07-26T15:00,32.7,68,0.2,626.0,78,24.8,3.25
2024-07-26T16:00,32.1,70,0.1,444.0,99,27.0,1.4
2024-07-26T17:00,31.2,73,0.0,253.0,100,25.5,0.65
2024-07-26T18:00,30.1,78,0.0,112.0,100,22.2,0.1
2024-07-26T19:00,29.8,78,0.1,20.0,70,17.8,0.0
2024-07-26T20:00,29.2,81,0.0,0.0,82,17.4,0.0
2024-07-26T21:00,28.6,84,0.0,0.0,64,14.6,0.0
2024-07-26T22:00,28.2,86,0.0,0.0,25,12.5,0.0
2024-07-26T23:00,28.1,87,0.0,0.0,23,13.4,0.0
2024-07-27T00:00,27.9,88,0.0,0.0,31,13.2,0.0
2024-07-27T01:00,27.6,89,0.0,0.0,100,14.2,0.0
2024-07-27T02:00,27.6,89,0.0,0.0,100,15.5,0.0
2024-07-27T03:00,27.6,88,0.0,0.0,97,15.3,0.0
2024-07-27T04:00,27.2,89,0.0,0.0,100,14.3,0.0
2024-07-27T05:00,27.1,88,0.0,0.0,100,14.5,0.0
2024-07-27T06:00,27.1,88,0.0,11.0,74,14.6,0.15
2024-07-27T07:00,28.5,80,0.0,134.0,89,22.6,1.0
2024-07-27T08:00,29.3,77,0.0,271.0,100,25.4,2.75
2024-07-27T09:00,30.0,76,0.0,300.0,100,21.8,5.45
2024-07-27T10:00,30.4,75,0.2,345.0,96,23.0,7.35
2024-07-27T11:00,31.5,74,0.1,587.0,89,23.2,9.65
2024-07-27T12:00,33.2,69,0.0,855.0,100,22.9,10.4
2024-07-27T13:00,31.7,72,0.2,577.0,93,24.0,9.3
2024-07-27T14:00,33.1,66,0.1,781.0,93,23.8,7.4
2024-07-27T15:00,32.7,68,0.2,612.0,100,24.5,3.8
2024-07-27T16:00,31.9,71,0.1,428.0,100,22.7,2.2
2024-07-27T17:00,31.4,73,0.0,282.0,99,20.8,0.6
2024-07-27T18:00,30.7,76,0.0,144.0,99,17.9,0.1
2024-07-27T19:00,30.0,77,0.0,21.0,97,14.2,0.0
2024-07-27T20:00,29.2,80,0.0,0.0,92,12.6,0.0
2024-07-27T21:00,28.7,83,0.0,0.0,91,12.7,0.0
2024-07-27T22:00,28.3,85,0.0,0.0,81,11.6,0.0
2024-07-27T23:00,28.0,87,0.0,0.0,90,12.2,0.0
2024-07-28T00:00,27.7,89,0.0,0.0,96,11.5,0.0
2024-07-28T01:00,27.5,89,0.0,0.0,100,10.9,0.0
2024-07-28T02:00,27.3,90,0.0,0.0,97,10.0,0.0
2024-07-28T03:00,27.0,91,0.0,0.0,100,8.7,0.0
2024-07-28T04:00,27.0,91,0.0,0.0,94,9.8,0.0
2024-07-28T05:00,26.8,91,0.4,0.0,98,9.9,0.0
2024-07-28T06:00,27.0,92,0.1,9.0,42,11.6,0.15
2024-07-28T07:00,28.2,84,0.0,126.0,51,15.2,0.8
2024-07-28T08:00,29.2,79,0.1,262.0,98,16.8,2.45
2024-07-28T09:00,30.1,75,0.0,333.0,100,15.5,4.15
2024-07-28T10:00,31.1,71,0.0,479.0,23,16.1,7.7
2024-07-28T11:00,32.6,64,0.1,756.0,98,18.2,9.2
2024-07-28T12:00,33.1,62,0.1,745.0,100,18.5,9.9
2024-07-28T13:00,33.0,64,0.2,821.0,94,18.9,10.25
2024-07-28T14:00,33.5,64,0.0,716.0,89,15.6,7.75
2024-07-28T15:00,33.7,64,0.0,741.0,32,16.8,4.0
2024-07-28T16:00,31.9,70,0.6,491.0,94,17.2,1.65
2024-07-28T17:00,31.9,70,0.0,343.0,97,17.4,0.65
2024-07-28T18:00,30.5,76,0.0,118.0,98,17.0,0.1
2024-07-28T19:00,30.2,76,0.0,19.0,88,12.6,0.0
2024-07-28T20:00,29.5,80,0.0,0.0,87,13.2,0.0
2024-07-28T21:00,28.9,83,0.0,0.0,97,11.9,0.0
2024-07-28T22:00,28.4,86,0.0,0.0,100,10.4,0.0
2024-07-28T23:00,28.1,87,0.0,0.0,100,9.2,0.0
2024-07-29T00:00,27.8,88,0.0,0.0,98,10.2,0.0
2024-07-29T01:00,27.6,88,0.0,0.0,93,11.1,0.0
2024-07-29T02:00,27.5,89,0.0,0.0,94,11.4,0.0
2024-07-29T03:00,27.4,89,0.0,0.0,98,11.6,0.0
2024-07-29T04:00,27.3,90,0.0,0.0,99,12.1,0.0
2024-07-29T05:00,27.2,90,0.0,0.0,99,11.2,0.0
2024-07-29T06:00,27.4,89,0.0,9.0,99,12.2,0.15
2024-07-29T07:00,28.1,85,0.0,110.0,73,14.6,0.7
2024-07-29T08:00,29.3,79,0.1,251.0,100,15.0,2.55
2024-07-29T09:00,29.9,77,0.1,314.0,100,15.6,4.6
2024-07-29T10:00,30.5,75,0.2,471.0,100,15.3,6.35
2024-07-29T11:00,31.1,73,0.2,546.0,100,14.3,6.0
2024-07-29T12:00,32.1,73,0.0,587.0,100,13.2,7.6
2024-07-29T13:00,31.7,72,1.8,867.0,100,20.9,6.45
2024-07-29T14:00,30.9,78,0.5,435.0,100,14.3,4.8
2024-07-29T15:00,32.7,69,0.1,656.0,100,19.4,3.45
2024-07-29T16:00,31.9,71,0.0,424.0,100,18.8,1.55
2024-07-29T17:00,31.3,73,0.1,278.0,100,21.0,0.75
2024-07-29T18:00,30.5,76,0.0,110.0,100,18.8,0.1
2024-07-29T19:00,29.9,75,0.0,19.0,100,16.9,0.0
2024-07-29T20:00,29.2,79,0.0,0.0,100,17.4,0.0
2024-07-29T21:00,28.7,82,0.0,0.0,100,16.4,0.0
2024-07-29T22:00,28.3,85,0.0,0.0,100,14.6,0.0
2024-07-29T23:00,27.9,87,0.0,0.0,100,15.4,0.0
2024-07-30T00:00,27.6,89,0.0,0.0,100,11.9,0.0
2024-07-30T01:00,27.5,89,0.0,0.0,100,14.4,0.0
2024-07-30T02:00,26.9,89,0.1,0.0,100,13.3,0.0
2024-07-30T03:00,26.4,93,1.2,0.0,100,14.0,0.0
2024-07-30T04:00,26.2,94,0.1,0.0,100,11.9,0.0
2024-07-30T05:00,26.1,95,0.1,0.0,100,10.1,0.0
2024-07-30T06:00,26.3,94,0.5,6.0,100,12.1,0.1
2024-07-30T07:00,27.6,90,0.2,55.0,100,14.6,0.65
2024-07-30T08:00,29.0,83,0.3,281.0,100,17.5,1.9
2024-07-30T09:00,29.8,80,0.1,454.0,100,16.3,3.3
2024-07-30T10:00,30.7,76,0.1,525.0,97,15.0,4.15
2024-07-30T11:00,31.9,74,0.3,776.0,100,16.2,3.25
2024-07-30T12:00,32.7,71,0.0,808.0,100,16.3,3.3
2024-07-30T13:00,32.9,69,0.1,784.0,99,14.9,3.55
2024-07-30T14:00,31.0,76,6.4,654.0,100,11.7,3.75
2024-07-30T15:00,30.7,77,3.1,320.0,99,13.0,3.7
2024-07-30T16:00,29.6,82,0.2,291.0,100,15.6,1.95
2024-07-30T17:00,29.7,83,0.0,215.0,100,11.8,0.6
2024-07-30T18:00,29.4,81,0.3,82.0,100,14.2,0.05
2024-07-30T19:00,29.2,81,0.0,18.0,100,10.5,0.0
2024-07-30T20:00,28.8,82,0.0,0.0,100,9.8,0.0
2024-07-30T21:00,28.3,85,0.0,0.0,100,11.3,0.0
2024-07-30T22:00,27.9,88,0.0,0.0,100,9.4,0.0
2024-07-30T23:00,27.6,89,0.0,0.0,100,10.4,0.0
2024-07-31T00:00,27.5,90,0.0,0.0,100,8.7,0.0
2024-07-31T01:00,27.3,91,0.0,0.0,72,6.1,0.0
2024-07-31T02:00,26.9,93,0.0,0.0,74,7.7,0.0
2024-07-31T03:00,26.6,93,0.0,0.0,45,6.9,0.0
2024-07-31T04:00,26.4,95,0.0,0.0,50,8.9,0.0
2024-07-31T05:00,26.4,95,0.0,0.0,98,7.7,0.0
2024-07-31T06:00,26.3,95,0.0,8.0,68,9.0,0.1
2024-07-31T07:00,26.8,92,0.5,101.0,100,13.6,0.65
2024-07-31T08:00,27.7,85,0.2,190.0,91,14.0,2.0
2024-07-31T09:00,29.1,80,0.2,380.0,100,11.5,4.45
2024-07-31T10:00,29.4,80,0.1,267.0,100,10.6,7.15
2024-07-31T11:00,30.8,74,0.2,600.0,60,10.0,7.6
2024-07-31T12:00,31.5,74,0.3,725.0,77,11.4,3.6
2024-07-31T13:00,32.2,71,0.1,717.0,100,11.5,4.4
2024-07-31T14:00,29.8,78,2.8,456.0,100,14.3,3.25
2024-07-31T15:00,29.6,80,0.2,197.0,100,14.8,3.7
2024-07-31T16:00,30.2,77,0.2,334.0,99,15.0,1.2
2024-07-31T17:00,29.4,81,0.1,272.0,100,14.7,0.3
2024-07-31T18:00,27.3,89,4.1,82.0,100,13.7,0.1
2024-07-31T19:00,28.8,78,0.0,17.0,71,9.3,0.0
2024-07-31T20:00,28.3,83,0.0,0.0,66,8.5,0.0
2024-07-31T21:00,27.7,87,0.1,0.0,96,10.2,0.0
2024-07-31T22:00,27.3,90,0.2,0.0,64,10.2,0.0
2024-07-31T23:00,26.9,91,0.1,0.0,100,12.0,0.0
