date,temperature_2m_max,temperature_2m_min,temperature_2m_mean,precipitation_sum,precipitation_hours
2018-06-25,12.4,7.8,9.9,0.2,2.0
2018-06-26,12.0,4.7,7.9,0.0,0.0
2018-06-27,10.0,4.4,6.8,0.0,0.0
2018-06-28,9.9,4.4,6.7,0.0,0.0
2018-06-29,12.9,6.4,10.1,0.0,0.0
2018-06-30,12.6,7.9,9.8,2.7,8.0
2018-07-01,12.9,4.4,8.2,0.0,0.0
2018-07-02,14.0,1.1,6.8,0.0,0.0
2018-07-03,13.6,7.2,10.4,0.0,0.0
2018-07-04,14.9,11.0,12.6,0.1,1.0
2018-07-05,16.3,11.4,13.6,2.6,10.0
2018-07-06,15.4,10.1,12.1,0.1,1.0
2018-07-07,11.5,8.7,10.2,1.5,10.0
2018-07-08,13.0,10.8,11.5,0.9,5.0
2018-07-09,13.1,8.5,10.7,0.1,1.0
2018-07-10,13.0,7.6,9.7,0.0,0.0
2018-07-11,11.4,6.6,8.5,0.7,5.0
2018-07-12,11.6,4.6,7.8,0.1,1.0
2018-07-13,12.2,7.0,9.0,0.4,4.0
2018-07-14,13.7,4.3,8.2,0.0,0.0
2018-07-15,13.4,5.9,9.3,0.0,0.0
2018-07-16,13.9,7.2,9.8,0.7,3.0
2018-07-17,16.0,8.8,11.1,1.7,2.0
2018-07-18,14.8,7.0,10.5,0.0,0.0
2018-07-19,16.2,7.7,11.0,4.4,5.0
2018-07-20,11.6,5.9,8.5,0.4,2.0
2018-07-21,13.4,6.4,9.1,0.2,2.0
2018-07-22,13.5,7.0,9.7,0.0,0.0
2018-07-23,12.7,7.3,9.7,4.4,8.0
2018-07-24,14.4,8.1,10.8,3.1,4.0
2018-07-25,14.6,7.7,10.5,0.1,1.0
2018-07-26,14.7,6.5,10.2,0.0,0.0
2018-07-27,18.1,8.3,12.3,0.6,4.0
2018-07-28,18.1,7.3,12.2,4.9,6.0
2018-07-29,12.6,8.5,10.7,6.3,9.0
2018-07-30,12.8,8.2,10.3,0.0,0.0
2018-07-31,14.6,8.3,11.5,0.6,4.0
2018-08-01,13.4,7.3,10.1,0.0,0.0
2018-08-02,14.7,5.7,10.3,0.0,0.0
2018-08-03,16.5,9.0,11.8,4.7,8.0
2018-08-04,13.8,6.8,11.0,0.0,0.0
2018-08-05,15.6,9.3,12.5,0.8,3.0
2018-08-06,13.0,7.5,10.1,0.9,6.0
2018-08-07,14.3,7.1,10.1,0.6,2.0
2018-08-08,14.4,7.6,11.0,3.5,9.0
2018-08-09,14.0,6.1,10.0,0.0,0.0
2018-08-10,18.1,9.9,13.8,0.4,3.0
2018-08-11,13.0,6.1,9.2,10.5,14.0
2018-08-12,13.9,5.5,9.3,0.3,3.0
2018-08-13,14.9,10.5,12.2,0.2,2.0
2018-08-14,17.0,7.8,12.6,0.0,0.0
2018-08-15,15.3,9.6,13.3,0.4,3.0
2018-08-16,13.2,7.7,10.2,0.0,0.0
2018-08-17,15.0,7.0,10.8,0.0,0.0
2018-08-18,12.3,7.8,9.7,2.7,10.0
2018-08-19,11.4,7.1,8.6,3.5,14.0
2018-08-20,12.4,7.0,9.4,0.2,2.0
2018-08-21,11.8,8.1,9.8,1.0,4.0
2018-08-22,12.5,7.8,9.9,0.4,3.0
2018-08-23,13.9,2.6,8.3,0.0,0.0
2018-08-24,13.6,2.5,8.3,0.0,0.0
2018-08-25,13.5,1.2,7.5,0.0,0.0
2018-08-26,14.4,5.4,9.4,0.4,4.0
2018-08-27,11.4,6.5,9.1,0.2,2.0
2018-08-28,10.7,2.6,7.4,0.1,1.0
2018-08-29,11.5,0.2,6.2,0.0,0.0
2018-08-30,12.1,3.8,8.9,4.4,5.0
2018-08-31,17.0,9.7,12.3,1.1,3.0
2018-09-01,11.9,7.6,10.2,1.9,10.0
2018-09-02,11.7,6.3,8.9,0.5,3.0
2018-09-03,12.2,6.5,9.4,0.0,0.0
2018-09-04,15.3,2.8,9.7,0.0,0.0
2018-09-05,18.6,7.3,13.4,0.0,0.0
2018-09-06,18.3,11.1,14.5,7.6,11.0
2018-09-07,13.9,7.1,10.1,0.5,5.0
2018-09-08,15.6,4.5,10.4,0.0,0.0
2018-09-09,17.3,10.0,13.6,2.8,9.0
2018-09-10,17.1,10.7,13.4,0.2,2.0
2018-09-11,22.7,10.7,16.6,0.1,1.0
2018-09-12,16.6,8.8,13.2,0.3,3.0
2018-09-13,20.0,7.7,12.8,0.0,0.0
2018-09-14,22.3,10.0,15.7,0.0,0.0
2018-09-15,16.6,6.4,11.4,4.0,7.0
2018-09-16,13.2,5.7,9.4,0.0,0.0
2018-09-17,18.0,7.6,12.6,0.0,0.0
2018-09-18,20.0,9.9,13.7,1.5,5.0
2018-09-19,14.0,6.4,9.9,1.3,5.0
2018-09-20,16.8,5.1,11.0,0.0,0.0
2018-09-21,17.8,9.5,13.2,0.0,0.0
2018-09-22,18.5,7.3,12.5,0.0,0.0
2018-09-23,12.6,9.7,11.2,1.4,8.0
2018-09-24,14.2,9.5,11.5,0.0,0.0
2018-09-25,12.7,9.0,10.7,0.7,3.0
2018-09-26,16.5,8.0,11.3,0.0,0.0
2018-09-27,24.2,7.2,15.1,0.1,1.0
2018-09-28,14.2,7.4,11.0,2.5,8.0
2018-09-29,12.9,5.9,9.7,0.0,0.0
2018-09-30,15.4,7.5,11.4,0.0,0.0
2018-10-01,19.2,4.6,12.3,0.0,0.0
2018-10-02,24.9,10.0,16.8,0.5,1.0
2018-10-03,19.5,11.7,15.0,0.9,4.0
2018-10-04,14.9,11.1,12.7,1.9,9.0
2018-10-05,17.4,10.7,13.5,0.0,0.0
2018-10-06,19.6,6.8,13.9,0.0,0.0
2018-10-07,21.4,8.0,15.6,0.0,0.0
2018-10-08,23.2,9.7,17.2,0.4,3.0
2018-10-09,16.6,11.9,14.0,5.9,12.0
2018-10-10,15.3,10.4,12.6,0.0,0.0
2018-10-11,18.2,9.4,13.5,0.0,0.0
2018-10-12,20.0,8.1,14.6,0.0,0.0
2018-10-13,22.4,9.3,16.2,0.0,0.0
2018-10-14,25.9,12.8,19.8,0.0,0.0
2018-10-15,27.7,18.2,22.6,0.7,1.0
2018-10-16,24.3,15.6,20.8,9.9,10.0
2018-10-17,21.9,13.8,17.5,2.5,9.0
2018-10-18,20.2,14.2,16.7,2.3,12.0
2018-10-19,27.4,11.7,20.3,0.0,0.0
2018-10-20,21.6,10.9,13.7,8.4,15.0
2018-10-21,18.3,8.9,13.5,0.0,0.0
2018-10-22,26.7,8.4,18.4,0.0,0.0
2018-10-23,18.3,10.4,13.8,3.1,8.0
2018-10-24,15.5,8.7,12.3,0.0,0.0
2018-10-25,18.1,7.6,13.0,0.0,0.0
2018-10-26,17.9,8.8,13.3,0.4,3.0
2018-10-27,19.0,9.3,13.4,1.6,7.0
2018-10-28,14.7,10.2,12.3,0.0,0.0
2018-10-29,16.7,9.7,13.1,0.0,0.0
2018-10-30,21.2,6.9,14.2,0.0,0.0
2018-10-31,18.7,11.9,15.1,0.3,1.0
2018-11-01,34.9,11.1,22.7,0.0,0.0
2018-11-02,30.2,15.0,24.7,2.1,4.0
2018-11-03,19.4,13.1,15.5,0.1,1.0
2018-11-04,20.0,10.4,15.4,1.1,3.0
2018-11-05,25.7,13.9,18.2,13.0,22.0
2018-11-06,18.8,12.5,16.2,19.9,15.0
2018-11-07,15.5,10.1,12.5,2.2,10.0
2018-11-08,16.4,7.9,12.4,0.0,0.0
2018-11-09,18.3,8.5,13.5,3.0,4.0
2018-11-10,17.8,8.9,13.7,0.2,2.0
2018-11-11,18.8,11.0,15.0,0.0,0.0
2018-11-12,28.1,8.5,18.5,0.0,0.0
2018-11-13,30.6,15.1,23.5,4.0,5.0
2018-11-14,17.9,13.9,15.6,7.5,15.0
2018-11-15,16.6,12.4,14.4,0.1,1.0
2018-11-16,17.8,10.1,14.2,0.0,0.0
2018-11-17,17.7,12.3,14.7,0.0,0.0
2018-11-18,23.0,11.7,17.7,0.0,0.0
2018-11-19,31.2,12.8,23.2,0.0,0.0
2018-11-20,27.4,15.1,22.5,8.7,7.0
2018-11-21,18.3,10.6,15.1,13.2,12.0
2018-11-22,15.8,9.6,12.6,3.3,10.0
2018-11-23,14.7,11.3,13.2,4.5,12.0
2018-11-24,15.9,12.1,14.2,1.3,5.0
2018-11-25,18.2,11.8,14.8,1.1,5.0
2018-11-26,17.9,12.1,15.1,0.7,5.0
2018-11-27,18.0,13.2,15.7,2.4,7.0
2018-11-28,18.6,14.5,16.5,0.6,4.0
2018-11-29,18.3,14.1,15.7,0.5,5.0
2018-11-30,18.8,13.7,15.9,0.1,1.0
2018-12-01,30.9,9.6,21.5,0.0,0.0
2018-12-02,18.6,13.1,15.5,10.0,7.0
2018-12-03,21.7,13.0,16.7,0.1,1.0
2018-12-04,18.2,13.5,15.6,0.6,4.0
2018-12-05,21.9,13.6,17.3,0.0,0.0
2018-12-06,34.7,11.3,24.7,0.0,0.0
2018-12-07,38.8,24.1,31.3,0.0,0.0
2018-12-08,28.9,16.9,22.3,0.4,3.0
2018-12-09,20.8,15.2,17.5,6.5,6.0
2018-12-10,19.5,14.7,16.9,0.2,2.0
2018-12-11,22.1,14.9,17.9,0.0,0.0
2018-12-12,33.0,14.3,24.7,0.6,2.0
2018-12-13,21.4,16.1,18.9,15.4,14.0
2018-12-14,21.3,15.9,18.4,10.0,16.0
2018-12-15,23.4,17.6,20.1,6.2,11.0
2018-12-16,22.1,15.7,18.6,5.3,15.0
2018-12-17,21.0,15.4,17.7,0.4,3.0
2018-12-18,20.2,16.0,17.6,0.0,0.0
2018-12-19,23.6,15.7,19.4,1.0,3.0
2018-12-20,20.0,15.8,17.8,1.6,9.0
2018-12-21,20.4,14.4,17.1,19.9,17.0
2018-12-22,18.0,14.5,16.1,1.8,10.0
2018-12-23,21.7,11.7,17.0,0.0,0.0
2018-12-24,32.3,11.9,22.6,0.0,0.0
2018-12-25,22.6,12.5,18.5,0.0,0.0
2018-12-26,22.7,14.5,18.8,0.0,0.0
2018-12-27,31.0,13.6,22.6,0.0,0.0
2018-12-28,35.5,19.6,24.6,0.0,0.0
2018-12-29,22.5,17.8,20.1,3.6,11.0
2018-12-30,21.1,17.3,18.9,4.3,8.0
2018-12-31,22.7,16.4,19.1,0.5,3.0
2019-01-01,22.5,14.5,18.5,0.0,0.0
2019-01-02,21.3,17.5,19.0,0.1,1.0
2019-01-03,24.9,16.7,20.2,0.0,0.0
2019-01-04,42.6,17.0,25.4,0.0,0.0
2019-01-05,19.8,16.7,17.8,0.9,5.0
2019-01-06,21.6,13.6,17.9,0.1,1.0
2019-01-07,23.1,16.9,19.3,0.0,0.0
2019-01-08,22.5,17.7,19.3,0.0,0.0
2019-01-09,19.6,15.4,17.2,0.2,1.0
2019-01-10,20.8,12.4,17.2,0.0,0.0
2019-01-11,27.2,13.9,21.2,0.0,0.0
2019-01-12,24.0,17.3,21.1,0.0,0.0
2019-01-13,27.0,16.5,21.4,0.0,0.0
2019-01-14,29.8,17.3,22.9,0.0,0.0
2019-01-15,27.6,18.0,23.2,0.0,0.0
2019-01-16,25.2,18.1,21.6,0.0,0.0
2019-01-17,34.5,20.8,26.2,0.4,2.0
2019-01-18,26.8,19.4,23.4,2.2,4.0
2019-01-19,22.5,15.9,18.9,0.2,2.0
2019-01-20,22.8,17.3,19.7,0.0,0.0
2019-01-21,25.3,18.4,21.0,0.0,0.0
2019-01-22,26.6,17.3,21.2,0.0,0.0
2019-01-23,23.5,18.2,20.1,0.0,0.0
2019-01-24,34.8,17.2,26.1,0.0,0.0
2019-01-25,43.7,20.9,30.1,0.0,0.0
2019-01-26,24.4,19.2,21.3,3.6,5.0
2019-01-27,28.4,17.5,21.2,0.4,1.0
2019-01-28,28.0,16.0,21.5,0.0,0.0
2019-01-29,32.1,15.7,22.4,0.0,0.0
2019-01-30,34.1,16.7,24.7,2.0,4.0
2019-01-31,23.5,16.1,18.6,0.7,3.0
2019-02-01,21.3,15.1,18.3,0.0,0.0
2019-02-02,29.3,14.7,22.9,0.0,0.0
2019-02-03,30.0,16.8,23.0,0.0,0.0
2019-02-04,22.2,18.2,20.0,1.6,7.0
2019-02-05,23.9,17.5,20.4,0.2,2.0
2019-02-06,30.9,19.7,24.9,1.5,3.0
2019-02-07,26.6,19.8,22.3,4.1,14.0
2019-02-08,23.6,16.0,19.6,0.1,1.0
2019-02-09,19.2,14.2,16.2,3.9,6.0
2019-02-10,24.0,12.1,18.1,0.0,0.0
2019-02-11,26.7,13.7,20.5,0.1,1.0
2019-02-12,20.6,12.7,16.5,3.9,6.0
2019-02-13,18.4,11.0,14.8,0.4,3.0
2019-02-14,23.4,11.0,17.2,0.0,0.0
2019-02-15,22.7,15.2,18.5,0.0,0.0
2019-02-16,23.1,15.1,18.9,0.0,0.0
2019-02-17,26.1,13.8,20.7,0.0,0.0
2019-02-18,23.1,15.7,19.8,0.0,0.0
2019-02-19,20.0,13.7,16.7,0.3,2.0
2019-02-20,22.7,12.4,17.1,0.0,0.0
2019-02-21,20.3,14.1,17.2,0.0,0.0
2019-02-22,21.2,16.6,18.4,0.0,0.0
2019-02-23,22.6,16.9,19.5,0.1,1.0
2019-02-24,30.9,14.7,22.7,0.0,0.0
2019-02-25,35.0,16.0,25.6,0.0,0.0
2019-02-26,21.9,16.3,19.6,0.0,0.0
2019-02-27,26.1,13.4,19.6,0.0,0.0
2019-02-28,37.7,16.9,28.3,0.0,0.0
2019-03-01,37.9,22.8,30.3,0.0,0.0
2019-03-02,37.5,22.6,30.2,0.0,0.0
2019-03-03,37.0,19.5,28.2,0.0,0.0
2019-03-04,24.6,17.8,20.5,0.0,0.0
2019-03-05,23.4,17.0,19.7,3.2,5.0
2019-03-06,18.2,12.8,15.2,1.3,8.0
2019-03-07,20.5,11.1,16.1,0.0,0.0
2019-03-08,27.0,14.1,19.2,0.0,0.0
2019-03-09,23.3,16.2,19.4,0.0,0.0
2019-03-10,23.2,13.5,18.8,0.3,2.0
2019-03-11,20.9,16.2,18.1,2.8,7.0
2019-03-12,18.7,13.6,16.4,0.1,1.0
2019-03-13,17.8,11.5,14.7,1.5,6.0
2019-03-14,21.0,13.3,17.0,0.0,0.0
2019-03-15,21.2,13.7,17.4,0.0,0.0
2019-03-16,24.7,13.7,19.1,0.0,0.0
2019-03-17,23.5,14.1,19.3,0.0,0.0
2019-03-18,24.3,17.1,20.4,0.0,0.0
2019-03-19,22.6,18.5,20.0,0.3,3.0
2019-03-20,23.3,19.5,20.7,0.9,7.0
2019-03-21,23.9,19.0,20.6,1.0,7.0
2019-03-22,25.1,18.0,21.8,0.0,0.0
2019-03-23,32.1,19.0,23.1,0.8,3.0
2019-03-24,30.0,17.4,22.3,0.9,1.0
2019-03-25,20.8,12.9,16.7,0.3,1.0
2019-03-26,20.5,12.7,16.1,0.0,0.0
2019-03-27,20.1,12.2,16.1,0.0,0.0
2019-03-28,28.9,11.4,19.8,0.0,0.0
2019-03-29,27.1,11.7,19.3,2.8,6.0
2019-03-30,15.4,9.5,11.9,2.9,11.0
2019-03-31,17.3,10.9,14.3,1.9,8.0
2019-04-01,16.9,12.1,14.4,0.8,6.0
2019-04-02,25.6,7.1,16.5,0.0,0.0
2019-04-03,23.4,14.9,17.4,0.7,3.0
2019-04-04,20.8,13.8,16.7,0.1,1.0
2019-04-05,28.4,14.0,22.4,0.0,0.0
2019-04-06,24.4,13.7,17.9,0.2,2.0
2019-04-07,26.2,10.5,18.4,0.0,0.0
2019-04-08,23.0,13.2,17.4,1.6,8.0
2019-04-09,16.3,10.8,13.6,0.5,4.0
2019-04-10,15.8,11.2,13.6,0.5,5.0
2019-04-11,16.8,11.5,14.2,0.2,2.0
2019-04-12,20.5,6.3,13.6,0.0,0.0
2019-04-13,19.0,8.8,14.4,0.1,1.0
2019-04-14,20.8,12.8,16.5,0.0,0.0
2019-04-15,26.4,11.3,19.2,0.0,0.0
2019-04-16,30.0,18.5,23.9,0.0,0.0
2019-04-17,31.1,16.2,24.5,0.1,1.0
2019-04-18,17.5,11.8,15.3,0.4,3.0
2019-04-19,18.1,11.2,15.1,0.0,0.0
2019-04-20,29.2,8.8,18.4,0.0,0.0
2019-04-21,27.2,14.2,21.5,1.4,3.0
2019-04-22,17.8,14.2,15.6,0.1,1.0
2019-04-23,18.3,14.6,15.9,0.0,0.0
2019-04-24,19.5,13.6,16.0,0.0,0.0
2019-04-25,20.0,10.7,15.4,0.0,0.0
2019-04-26,15.9,9.9,13.4,1.5,6.0
2019-04-27,16.1,9.6,12.9,0.0,0.0
2019-04-28,16.2,12.7,14.5,0.6,4.0
2019-04-29,16.9,9.4,12.7,0.0,0.0
2019-04-30,22.7,8.0,16.5,0.0,0.0
2019-05-01,21.9,16.0,18.7,6.5,12.0
2019-05-02,21.1,15.2,17.3,28.6,15.0
2019-05-03,19.4,10.0,14.8,0.1,1.0
2019-05-04,15.2,12.2,13.6,1.7,13.0
2019-05-05,15.9,10.8,13.3,1.0,3.0
2019-05-06,15.9,11.5,13.7,0.5,4.0
2019-05-07,19.1,7.2,13.4,0.9,2.0
2019-05-08,15.5,10.0,12.4,9.0,9.0
2019-05-09,16.0,9.6,13.1,0.8,2.0
2019-05-10,13.4,11.2,12.2,20.7,19.0
2019-05-11,15.9,10.5,12.9,0.0,0.0
2019-05-12,17.0,10.8,13.4,0.8,6.0
2019-05-13,18.6,10.9,13.7,0.0,0.0
2019-05-14,19.2,10.2,14.0,0.1,1.0
2019-05-15,16.1,10.0,13.2,0.0,0.0
2019-05-16,15.0,7.1,10.8,0.0,0.0
2019-05-17,16.3,6.1,10.3,0.0,0.0
2019-05-18,15.9,4.8,10.2,0.0,0.0
2019-05-19,20.5,7.3,13.9,0.0,0.0
2019-05-20,19.0,13.8,15.5,3.4,6.0
2019-05-21,19.1,10.8,14.4,0.0,0.0
2019-05-22,19.0,9.2,13.7,0.0,0.0
2019-05-23,21.7,8.8,15.0,0.0,0.0
2019-05-24,19.9,14.0,16.2,3.2,5.0
2019-05-25,19.2,11.7,14.5,3.9,7.0
2019-05-26,14.7,8.8,11.5,4.0,6.0
2019-05-27,12.0,7.5,9.5,0.6,4.0
2019-05-28,14.6,9.3,11.7,1.1,5.0
2019-05-29,10.3,7.2,8.5,0.3,3.0
2019-05-30,12.2,7.3,9.9,1.6,9.0
2019-05-31,13.1,11.8,12.5,1.7,9.0
2019-06-01,14.0,12.0,12.8,0.5,5.0
2019-06-02,14.9,8.2,10.6,6.0,10.0
2019-06-03,11.7,8.0,10.3,27.6,17.0
2019-06-04,12.2,10.5,11.3,0.2,2.0
2019-06-05,12.2,9.4,10.7,0.1,1.0
2019-06-06,14.3,10.2,11.9,0.5,4.0
2019-06-07,14.5,5.9,10.3,0.0,0.0
2019-06-08,17.4,5.2,11.4,0.0,0.0
2019-06-09,16.6,9.9,13.0,0.9,2.0
2019-06-10,17.2,11.8,14.3,1.5,8.0
2019-06-11,17.9,8.7,12.9,0.0,0.0
2019-06-12,15.4,11.9,14.2,15.6,11.0
2019-06-13,15.8,8.3,11.8,0.1,1.0
2019-06-14,15.8,9.3,12.0,0.2,2.0
2019-06-15,14.8,9.0,11.0,0.0,0.0
2019-06-16,15.8,7.2,10.8,0.7,4.0
2019-06-17,16.5,6.5,10.4,0.0,0.0
2019-06-18,11.9,7.4,10.0,1.5,6.0
2019-06-19,10.9,6.4,8.2,0.3,3.0
2019-06-20,10.5,6.9,8.1,6.2,13.0
2019-06-21,11.7,6.3,8.5,2.9,13.0
2019-06-22,11.5,5.8,8.5,0.6,6.0
2019-06-23,10.7,4.8,7.2,0.0,0.0
2019-06-24,10.4,2.5,6.0,0.1,1.0
2019-06-25,15.1,1.3,7.5,0.0,0.0
2019-06-26,16.3,3.7,8.7,0.0,0.0
2019-06-27,15.5,7.6,11.4,0.0,0.0
2019-06-28,16.8,11.1,13.7,0.0,0.0
2019-06-29,15.0,9.3,12.9,18.2,16.0
2019-06-30,13.8,8.5,10.6,0.0,0.0
2019-07-01,14.1,7.8,10.8,0.0,0.0
2019-07-02,15.6,9.1,11.7,0.1,1.0
2019-07-03,13.2,9.1,10.8,0.3,2.0
2019-07-04,10.8,5.1,9.0,0.0,0.0
2019-07-05,12.3,3.6,7.4,0.0,0.0
2019-07-06,17.0,4.5,10.7,0.0,0.0
2019-07-07,16.7,9.0,12.1,5.5,7.0
2019-07-08,14.7,8.5,11.3,1.1,3.0
2019-07-09,13.7,7.5,10.3,1.0,5.0
2019-07-10,14.2,9.1,11.7,5.4,5.0
2019-07-11,13.7,8.4,10.5,1.8,7.0
2019-07-12,14.1,7.8,11.3,1.7,8.0
2019-07-13,10.7,7.1,8.5,1.0,4.0
2019-07-14,12.0,6.5,9.9,3.0,9.0
2019-07-15,13.7,9.0,11.2,0.3,3.0
2019-07-16,13.7,11.0,11.9,0.3,3.0
2019-07-17,13.2,9.1,10.8,1.4,6.0
2019-07-18,13.7,7.4,10.7,2.0,3.0
2019-07-19,14.2,7.9,10.9,0.5,3.0
2019-07-20,16.4,8.8,12.1,0.0,0.0
2019-07-21,15.2,8.4,11.8,1.0,4.0
2019-07-22,16.0,7.8,11.5,0.0,0.0
2019-07-23,13.8,8.6,11.5,4.7,7.0
2019-07-24,14.8,6.2,10.3,0.0,0.0
2019-07-25,15.8,9.3,12.1,0.0,0.0
2019-07-26,15.3,9.6,11.6,5.3,10.0
2019-07-27,13.2,7.8,10.1,0.4,4.0
2019-07-28,13.4,4.4,8.7,0.0,0.0
2019-07-29,14.1,8.7,10.6,0.7,5.0
2019-07-30,11.0,8.3,9.6,0.0,0.0
2019-07-31,11.8,3.6,8.5,0.0,0.0
2019-08-01,13.0,7.0,9.9,0.1,1.0
2019-08-02,13.2,8.2,10.8,0.1,1.0
2019-08-03,13.9,10.1,11.3,2.0,10.0
2019-08-04,12.4,7.9,10.3,0.1,1.0
2019-08-05,15.2,7.8,10.8,0.0,0.0
2019-08-06,13.2,9.1,10.5,2.6,8.0
2019-08-07,11.8,7.3,9.5,7.2,13.0
2019-08-08,11.4,6.5,8.8,15.0,16.0
2019-08-09,9.1,4.8,7.4,7.3,11.0
2019-08-10,11.0,4.5,7.4,4.1,14.0
2019-08-11,11.5,5.2,8.6,4.1,18.0
2019-08-12,11.5,7.5,9.6,2.3,10.0
2019-08-13,13.1,8.6,10.3,0.2,2.0
2019-08-14,13.6,6.5,10.0,0.4,4.0
2019-08-15,16.3,7.4,11.6,0.0,0.0
2019-08-16,16.6,8.4,11.3,6.9,11.0
2019-08-17,12.8,5.5,9.5,0.0,0.0
2019-08-18,16.4,7.2,11.2,3.0,4.0
2019-08-19,11.2,5.7,8.4,0.4,4.0
2019-08-20,15.0,9.5,11.9,0.0,0.0
2019-08-21,14.8,11.8,12.8,1.0,5.0
2019-08-22,12.2,7.7,10.7,0.3,2.0
2019-08-23,16.4,3.6,9.4,0.0,0.0
2019-08-24,17.5,7.8,11.6,1.8,3.0
2019-08-25,11.8,6.3,8.5,0.6,4.0
2019-08-26,13.0,6.8,9.4,0.6,4.0
2019-08-27,14.8,5.6,10.1,0.0,0.0
2019-08-28,13.4,7.5,9.2,5.2,7.0
2019-08-29,11.9,8.0,9.7,0.0,0.0
2019-08-30,10.4,3.3,7.3,0.0,0.0
2019-08-31,17.6,3.4,10.9,0.0,0.0
2019-09-01,18.9,10.3,12.9,2.7,4.0
2019-09-02,17.8,8.4,12.7,0.8,1.0
2019-09-03,15.5,9.0,12.3,0.1,1.0
2019-09-04,17.7,7.4,11.7,1.8,7.0
2019-09-05,16.6,7.7,12.7,1.8,8.0
2019-09-06,14.5,9.3,11.1,11.5,16.0
2019-09-07,12.4,8.5,10.0,1.2,7.0
2019-09-08,13.9,7.6,9.8,6.1,5.0
2019-09-09,12.4,7.9,9.7,1.0,5.0
2019-09-10,14.1,6.9,9.9,0.0,0.0
2019-09-11,20.0,4.8,11.7,0.0,0.0
2019-09-12,19.5,8.9,13.3,4.8,9.0
2019-09-13,16.3,8.6,12.4,0.0,0.0
2019-09-14,16.2,8.6,12.6,0.0,0.0
2019-09-15,21.1,12.6,15.6,17.3,16.0
2019-09-16,12.0,8.7,10.3,6.0,8.0
2019-09-17,12.4,8.2,9.9,0.0,0.0
2019-09-18,14.6,3.8,9.8,0.0,0.0
2019-09-19,21.6,6.7,15.6,0.0,0.0
2019-09-20,23.5,17.1,19.9,0.0,0.0
2019-09-21,20.8,10.3,16.1,2.3,7.0
2019-09-22,14.4,6.4,10.6,1.8,9.0
2019-09-23,14.0,8.2,10.4,3.4,12.0
2019-09-24,13.9,7.6,10.8,0.1,1.0
2019-09-25,15.2,7.5,11.2,0.2,2.0
2019-09-26,17.5,7.2,12.1,0.0,0.0
2019-09-27,18.5,9.2,12.3,3.9,7.0
2019-09-28,13.6,8.1,10.6,0.0,0.0
2019-09-29,15.3,8.9,11.3,0.6,5.0
2019-09-30,13.5,8.2,10.8,0.5,3.0
2019-10-01,14.4,3.5,9.8,0.0,0.0
2019-10-02,25.6,6.2,16.6,0.0,0.0
2019-10-03,25.4,12.7,17.6,0.0,0.0
2019-10-04,14.6,10.8,12.8,1.6,6.0
2019-10-05,19.1,8.9,13.1,0.7,2.0
2019-10-06,22.6,12.8,19.2,0.0,0.0
2019-10-07,15.9,11.0,13.1,1.4,3.0
2019-10-08,13.2,8.7,11.0,1.9,9.0
2019-10-09,13.6,9.7,11.5,1.3,12.0
2019-10-10,14.0,9.6,11.7,0.8,6.0
2019-10-11,16.3,10.8,13.0,0.5,3.0
2019-10-12,17.7,9.4,13.5,0.1,1.0
2019-10-13,21.6,8.7,15.4,0.0,0.0
2019-10-14,23.7,13.0,16.7,1.8,5.0
2019-10-15,16.8,11.5,13.9,0.2,2.0
2019-10-16,19.3,10.9,14.2,2.7,14.0
2019-10-17,14.7,8.7,11.5,3.7,13.0
2019-10-18,19.3,7.3,13.1,0.9,4.0
2019-10-19,14.9,8.7,11.4,0.9,3.0
2019-10-20,16.3,9.5,13.0,0.2,2.0
2019-10-21,15.1,10.1,12.5,0.0,0.0
2019-10-22,17.1,9.7,13.4,0.2,2.0
2019-10-23,22.7,7.4,15.5,0.0,0.0
2019-10-24,31.7,9.2,22.4,0.0,0.0
2019-10-25,24.6,14.5,20.0,3.2,5.0
2019-10-26,14.7,10.4,12.8,1.6,5.0
2019-10-27,16.7,9.2,12.7,0.9,2.0
2019-10-28,17.2,9.0,13.3,0.0,0.0
2019-10-29,29.4,8.0,19.0,0.0,0.0
2019-10-30,21.5,12.1,16.7,0.0,0.0
2019-10-31,32.4,13.6,25.3,0.0,0.0
2019-11-01,33.6,21.0,26.9,0.0,0.0
2019-11-02,19.0,15.3,17.2,13.6,18.0
2019-11-03,19.0,11.7,15.4,8.9,12.0
2019-11-04,14.5,9.1,11.6,13.7,10.0
2019-11-05,16.7,7.3,12.3,0.0,0.0
2019-11-06,22.1,12.3,16.2,0.9,6.0
2019-11-07,15.3,11.0,13.0,10.5,14.0
2019-11-08,13.5,8.3,10.9,8.1,11.0
2019-11-09,13.6,7.8,11.3,0.2,2.0
2019-11-10,16.8,11.1,13.9,0.0,0.0
2019-11-11,27.5,9.7,19.6,0.0,0.0
2019-11-12,23.5,9.3,13.6,2.9,6.0
2019-11-13,15.9,9.1,12.6,0.0,0.0
2019-11-14,20.2,11.5,15.6,0.2,2.0
2019-11-15,17.5,11.4,14.4,0.5,2.0
2019-11-16,16.8,9.2,13.1,0.0,0.0
2019-11-17,15.3,9.9,12.4,0.2,1.0
2019-11-18,24.3,8.0,15.3,0.0,0.0
2019-11-19,17.3,9.6,13.8,0.0,0.0
2019-11-20,32.0,8.9,20.1,0.0,0.0
2019-11-21,39.5,14.6,24.8,0.3,1.0
2019-11-22,17.6,12.2,14.7,0.2,1.0
2019-11-23,22.9,10.0,15.6,0.0,0.0
2019-11-24,19.5,10.8,15.1,0.0,0.0
2019-11-25,24.7,9.7,18.4,0.2,2.0
2019-11-26,14.9,11.2,13.2,8.5,13.0
2019-11-27,20.7,7.9,14.7,0.0,0.0
2019-11-28,18.9,12.5,15.4,0.0,0.0
2019-11-29,19.2,11.1,14.8,3.5,6.0
2019-11-30,17.4,11.1,13.5,3.2,11.0
2019-12-01,16.8,11.3,13.1,3.3,10.0
2019-12-02,14.1,9.3,11.6,1.0,4.0
2019-12-03,20.1,11.5,15.4,0.4,3.0
2019-12-04,20.6,12.4,15.9,0.0,0.0
2019-12-05,21.5,11.9,16.2,0.0,0.0
2019-12-06,19.2,11.6,15.0,0.0,0.0
2019-12-07,20.7,10.1,14.6,0.0,0.0
2019-12-08,21.4,11.6,16.6,0.1,1.0
2019-12-09,38.3,13.8,24.5,0.3,2.0
2019-12-10,16.3,13.9,15.0,0.9,5.0
2019-12-11,17.8,13.4,15.2,0.2,2.0
2019-12-12,18.0,12.4,14.9,0.4,3.0
2019-12-13,20.7,10.1,15.4,0.0,0.0
2019-12-14,20.4,14.1,16.3,0.3,3.0
2019-12-15,20.4,14.0,16.9,0.1,1.0
2019-12-16,20.2,12.0,16.4,0.0,0.0
2019-12-17,25.7,11.4,19.6,0.0,0.0
2019-12-18,35.7,15.3,24.5,0.0,0.0
2019-12-19,21.1,15.7,18.5,0.0,0.0
2019-12-20,43.8,13.2,29.0,0.0,0.0
2019-12-21,25.5,14.2,18.1,0.1,1.0
2019-12-22,18.0,14.0,15.6,0.0,0.0
2019-12-23,19.7,12.6,16.1,0.0,0.0
2019-12-24,22.1,13.7,17.9,0.0,0.0
2019-12-25,25.1,13.9,19.4,0.0,0.0
2019-12-26,19.6,14.8,17.3,0.0,0.0
2019-12-27,24.7,14.4,18.9,0.0,0.0
2019-12-28,27.3,16.8,22.1,0.0,0.0
2019-12-29,28.0,16.3,21.4,0.0,0.0
2019-12-30,42.2,18.8,29.1,0.5,2.0
2019-12-31,20.4,15.2,17.7,2.8,6.0
2020-01-01,23.0,12.8,18.2,0.0,0.0
2020-01-02,22.8,13.9,18.6,0.0,0.0
2020-01-03,26.5,16.0,20.8,0.0,0.0
2020-01-04,25.5,15.7,20.1,0.0,0.0
2020-01-05,16.9,13.5,15.4,5.0,8.0
2020-01-06,18.5,14.1,16.3,2.8,12.0
2020-01-07,20.4,17.0,18.5,0.5,4.0
2020-01-08,23.0,17.3,19.6,0.0,0.0
2020-01-09,28.8,17.8,22.9,0.2,2.0
2020-01-10,35.8,14.9,22.3,8.4,6.0
2020-01-11,17.7,14.5,15.9,0.1,1.0
2020-01-12,19.7,14.6,16.7,0.1,1.0
2020-01-13,32.7,13.0,22.9,0.0,0.0
2020-01-14,27.3,16.6,22.4,0.0,0.0
2020-01-15,34.9,18.1,24.7,5.1,5.0
2020-01-16,18.6,14.5,16.9,2.1,11.0
2020-01-17,23.1,14.2,18.0,0.7,4.0
2020-01-18,25.0,14.7,19.8,0.0,0.0
2020-01-19,25.9,15.8,20.6,0.0,0.0
2020-01-20,20.2,15.6,18.3,22.3,19.0
2020-01-21,21.3,14.4,16.9,0.0,0.0
2020-01-22,32.1,13.9,22.3,4.9,4.0
2020-01-23,20.3,13.1,16.4,23.2,12.0
2020-01-24,22.2,12.1,17.3,0.0,0.0
2020-01-25,24.5,12.8,19.0,0.0,0.0
2020-01-26,22.4,15.4,18.5,0.0,0.0
2020-01-27,20.5,15.0,17.7,0.0,0.0
2020-01-28,21.4,12.9,17.6,0.0,0.0
2020-01-29,25.0,16.1,20.4,0.0,0.0
2020-01-30,38.4,14.3,26.8,0.0,0.0
2020-01-31,42.6,19.5,30.6,0.0,0.0
2020-02-01,25.2,15.9,20.1,34.4,23.0
2020-02-02,22.7,15.0,18.4,2.5,4.0
2020-02-03,16.7,14.1,15.3,0.4,3.0
2020-02-04,18.0,14.0,15.6,0.0,0.0
2020-02-05,18.9,13.4,16.1,0.0,0.0
2020-02-06,23.8,14.7,18.9,0.0,0.0
2020-02-07,23.9,17.7,20.1,0.0,0.0
2020-02-08,28.0,19.0,22.6,0.0,0.0
2020-02-09,25.6,18.9,21.5,0.0,0.0
2020-02-10,24.9,18.8,20.9,2.3,7.0
2020-02-11,24.0,18.6,20.7,0.5,4.0
2020-02-12,24.1,18.6,21.2,0.9,7.0
2020-02-13,28.4,19.8,23.3,0.0,0.0
2020-02-14,30.5,19.0,23.7,7.6,5.0
2020-02-15,20.7,17.8,19.0,4.8,14.0
2020-02-16,22.6,17.3,19.5,0.4,3.0
2020-02-17,24.8,14.9,19.6,0.0,0.0
2020-02-18,20.9,15.4,18.2,18.3,14.0
2020-02-19,18.5,14.9,16.2,7.7,18.0
2020-02-20,17.6,14.3,15.6,2.4,10.0
2020-02-21,17.6,14.1,16.0,0.5,4.0
2020-02-22,20.1,14.5,17.1,0.0,0.0
2020-02-23,24.7,12.4,18.3,0.0,0.0
2020-02-24,22.0,15.8,18.9,0.4,4.0
2020-02-25,27.5,16.9,20.3,0.2,1.0
2020-02-26,18.7,13.4,16.0,1.0,3.0
2020-02-27,19.7,10.2,15.3,0.0,0.0
2020-02-28,19.8,14.6,16.6,0.2,2.0
2020-02-29,21.2,14.0,17.2,0.0,0.0
2020-03-01,31.5,12.6,20.9,0.8,3.0
2020-03-02,17.6,14.1,15.4,8.3,7.0
2020-03-03,18.0,14.5,16.1,0.0,0.0
2020-03-04,20.8,13.1,17.2,6.0,12.0
2020-03-05,20.4,17.1,18.3,16.0,21.0
2020-03-06,18.1,15.7,16.5,0.3,3.0
2020-03-07,18.7,15.4,17.0,2.1,8.0
2020-03-08,21.1,14.9,17.3,0.1,1.0
2020-03-09,19.2,14.5,16.4,0.0,0.0
2020-03-10,19.3,11.9,15.9,0.0,0.0
2020-03-11,25.9,12.6,19.4,0.0,0.0
2020-03-12,28.2,18.0,22.9,0.0,0.0
2020-03-13,27.8,14.4,20.1,3.0,5.0
2020-03-14,16.3,13.6,14.7,0.5,4.0
2020-03-15,18.0,13.6,15.6,0.3,1.0
2020-03-16,22.7,10.9,16.9,0.0,0.0
2020-03-17,27.6,10.1,19.8,0.0,0.0
2020-03-18,29.6,18.8,23.0,0.0,0.0
2020-03-19,33.4,18.3,24.8,0.2,2.0
2020-03-20,22.1,14.9,17.9,0.6,4.0
2020-03-21,17.3,13.6,15.4,0.0,0.0
2020-03-22,17.4,12.0,14.7,0.6,3.0
2020-03-23,16.8,13.8,15.1,0.0,0.0
2020-03-24,17.6,11.0,14.5,0.0,0.0
2020-03-25,17.4,13.5,15.2,1.1,5.0
2020-03-26,19.0,13.7,16.2,0.0,0.0
2020-03-27,24.4,10.9,17.4,0.0,0.0
2020-03-28,26.8,13.7,20.9,0.0,0.0
2020-03-29,25.0,17.2,20.8,3.1,3.0
2020-03-30,21.2,13.6,17.1,0.0,0.0
2020-03-31,19.9,11.4,16.0,0.0,0.0
2020-04-01,21.3,9.6,16.2,2.7,3.0
2020-04-02,20.1,15.2,16.9,25.1,16.0
2020-04-03,22.3,13.6,17.7,2.9,6.0
2020-04-04,15.4,9.7,12.6,20.6,16.0
2020-04-05,15.7,9.6,12.8,10.5,9.0
2020-04-06,15.6,10.1,13.0,0.1,1.0
2020-04-07,15.0,12.1,13.6,1.5,8.0
2020-04-08,17.2,13.5,15.2,1.8,9.0
2020-04-09,18.8,9.2,14.2,0.0,0.0
2020-04-10,21.2,11.0,16.3,0.4,2.0
2020-04-11,18.4,11.7,13.8,4.2,11.0
2020-04-12,14.3,11.6,12.9,0.3,3.0
2020-04-13,16.4,9.4,12.9,0.0,0.0
2020-04-14,23.1,11.3,16.7,0.0,0.0
2020-04-15,24.3,14.6,19.3,0.0,0.0
2020-04-16,20.0,11.9,16.5,0.2,2.0
2020-04-17,17.7,10.8,14.0,0.4,3.0
2020-04-18,16.0,11.9,13.8,1.1,4.0
2020-04-19,17.5,9.5,13.6,0.0,0.0
2020-04-20,19.6,12.4,15.4,3.8,9.0
2020-04-21,18.9,8.2,14.1,0.0,0.0
2020-04-22,16.9,12.5,14.3,0.1,1.0
2020-04-23,21.8,9.7,15.7,2.5,5.0
2020-04-24,19.6,11.4,15.9,0.2,1.0
2020-04-25,20.7,10.5,15.8,1.3,2.0
2020-04-26,16.7,10.0,14.9,11.3,9.0
2020-04-27,16.8,8.4,12.0,0.0,0.0
2020-04-28,18.8,8.2,13.9,0.0,0.0
2020-04-29,18.2,10.4,14.2,21.3,17.0
2020-04-30,13.8,8.0,10.4,0.4,2.0
2020-05-01,11.7,7.9,9.5,4.4,19.0
2020-05-02,13.0,9.9,11.2,2.3,10.0
2020-05-03,14.0,10.3,12.1,0.0,0.0
2020-05-04,13.8,10.6,12.0,0.1,1.0
2020-05-05,17.1,7.4,12.0,0.0,0.0
2020-05-06,18.9,12.6,15.4,0.0,0.0
2020-05-07,19.7,14.6,16.5,0.2,1.0
2020-05-08,18.6,12.0,15.2,0.1,1.0
2020-05-09,14.7,8.4,11.7,5.7,10.0
2020-05-10,13.4,7.5,10.2,0.0,0.0
2020-05-11,15.8,8.1,11.9,0.0,0.0
2020-05-12,16.2,10.2,12.9,0.0,0.0
2020-05-13,13.6,9.6,11.6,3.8,11.0
2020-05-14,13.7,7.7,10.3,0.1,1.0
2020-05-15,13.7,4.3,8.6,0.0,0.0
2020-05-16,17.4,4.2,9.6,0.0,0.0
2020-05-17,15.1,3.7,8.7,0.0,0.0
2020-05-18,17.7,3.2,10.3,0.0,0.0
2020-05-19,16.7,11.4,14.0,0.3,3.0
2020-05-20,15.0,12.0,13.0,6.5,7.0
2020-05-21,12.9,9.8,10.8,9.7,12.0
2020-05-22,12.8,8.9,10.5,0.0,0.0
2020-05-23,13.5,9.2,11.5,3.4,16.0
2020-05-24,12.6,10.5,12.0,0.2,2.0
2020-05-25,14.3,7.7,11.0,0.0,0.0
2020-05-26,15.0,6.5,9.7,0.0,0.0
2020-05-27,15.2,9.9,12.5,0.7,3.0
2020-05-28,15.3,9.6,12.0,0.3,3.0
2020-05-29,16.7,8.1,12.0,0.1,1.0
2020-05-30,16.1,10.4,13.0,0.0,0.0
2020-05-31,16.3,11.1,13.4,0.9,5.0
2020-06-01,12.0,9.3,10.3,7.9,13.0
2020-06-02,14.1,8.7,11.5,0.7,3.0
2020-06-03,12.4,10.4,11.5,0.1,1.0
2020-06-04,12.6,5.1,10.2,0.0,0.0
2020-06-05,12.8,2.5,7.5,0.0,0.0
2020-06-06,11.7,6.4,9.5,1.9,10.0
2020-06-07,11.0,8.4,10.0,2.1,8.0
2020-06-08,11.6,5.0,8.4,0.0,0.0
2020-06-09,12.2,1.7,6.3,0.0,0.0
2020-06-10,13.2,3.7,7.5,0.0,0.0
2020-06-11,13.5,2.8,7.3,0.0,0.0
2020-06-12,15.0,2.4,8.3,0.0,0.0
2020-06-13,14.3,9.6,12.6,0.2,2.0
2020-06-14,14.4,9.5,12.4,6.4,9.0
2020-06-15,16.8,13.2,14.2,0.3,2.0
2020-06-16,15.6,11.4,13.7,0.5,4.0
2020-06-17,12.8,7.3,9.9,0.2,2.0
2020-06-18,15.1,4.9,9.7,0.0,0.0
2020-06-19,16.0,10.8,13.4,0.0,0.0
2020-06-20,15.9,7.6,12.3,4.3,7.0
2020-06-21,11.1,7.3,9.0,4.6,15.0
2020-06-22,11.9,7.9,9.6,6.0,14.0
2020-06-23,13.7,9.2,11.4,1.2,7.0
2020-06-24,14.3,9.4,11.6,0.3,1.0
2020-06-25,15.2,9.4,11.6,0.1,1.0
2020-06-26,12.8,7.3,9.5,0.0,0.0
2020-06-27,11.5,4.7,8.6,0.0,0.0
2020-06-28,10.5,3.4,6.4,0.0,0.0
2020-06-29,12.9,1.5,6.3,0.0,0.0
2020-06-30,12.9,5.5,9.6,7.9,10.0
2020-07-01,15.6,8.7,12.0,0.1,1.0
2020-07-02,14.2,8.7,11.0,1.6,3.0
2020-07-03,11.3,7.0,8.3,8.3,12.0
2020-07-04,13.5,6.7,10.0,0.4,4.0
2020-07-05,11.8,9.9,10.7,1.0,7.0
2020-07-06,12.8,8.8,10.6,0.3,3.0
2020-07-07,11.7,8.2,10.0,0.3,3.0
2020-07-08,13.8,4.3,8.9,0.0,0.0
2020-07-09,15.1,6.3,10.1,0.0,0.0
2020-07-10,14.8,8.6,11.1,0.0,0.0
2020-07-11,11.1,8.1,9.7,15.8,16.0
2020-07-12,12.5,8.6,10.5,5.1,8.0
2020-07-13,13.3,10.3,11.3,0.0,0.0
2020-07-14,12.9,9.6,11.0,0.0,0.0
2020-07-15,12.2,8.8,10.2,0.0,0.0
2020-07-16,11.4,6.6,9.1,0.0,0.0
2020-07-17,10.4,4.0,6.7,0.0,0.0
2020-07-18,12.2,5.5,9.3,0.0,0.0
2020-07-19,15.1,8.5,10.7,1.4,4.0
2020-07-20,12.2,8.3,10.0,0.7,5.0
2020-07-21,11.7,8.5,9.9,0.0,0.0
2020-07-22,11.9,8.2,9.9,0.4,4.0
2020-07-23,11.3,7.2,9.1,0.1,1.0
2020-07-24,12.5,3.2,7.5,0.0,0.0
2020-07-25,10.4,1.7,5.9,0.0,0.0
2020-07-26,11.9,5.7,9.3,0.0,0.0
2020-07-27,12.9,8.5,11.0,1.4,7.0
2020-07-28,12.7,9.4,11.2,0.0,0.0
2020-07-29,13.9,7.0,10.3,0.1,1.0
2020-07-30,13.1,8.4,10.4,0.0,0.0
2020-07-31,14.2,3.3,8.5,0.0,0.0
2020-08-01,17.5,8.1,11.8,0.0,0.0
2020-08-02,16.0,7.6,11.0,0.0,0.0
2020-08-03,14.2,6.4,10.1,0.5,1.0
2020-08-04,9.0,4.3,6.8,2.8,9.0
2020-08-05,10.0,5.8,8.0,0.8,7.0
2020-08-06,10.8,7.2,8.7,1.1,4.0
2020-08-07,11.6,3.3,8.9,3.6,6.0
2020-08-08,13.5,10.4,11.4,4.6,11.0
2020-08-09,13.2,9.4,11.1,0.0,0.0
2020-08-10,13.0,5.3,9.2,0.0,0.0
2020-08-11,14.1,4.4,9.8,0.0,0.0
2020-08-12,14.7,10.8,12.2,3.0,7.0
2020-08-13,17.0,10.4,13.4,3.8,8.0
2020-08-14,16.5,10.2,12.7,7.4,13.0
2020-08-15,14.0,6.5,10.7,0.4,3.0
2020-08-16,13.4,9.0,10.8,0.6,6.0
2020-08-17,14.7,8.6,11.0,0.7,2.0
2020-08-18,15.5,9.5,11.7,0.8,2.0
2020-08-19,10.8,8.4,9.5,6.7,15.0
2020-08-20,13.5,9.1,10.9,1.3,8.0
2020-08-21,11.7,6.9,9.2,1.9,8.0
2020-08-22,9.9,6.4,7.7,9.0,18.0
2020-08-23,10.5,7.6,8.7,3.7,13.0
2020-08-24,11.0,6.5,8.4,0.6,5.0
2020-08-25,11.7,5.5,8.6,0.8,6.0
2020-08-26,12.8,5.5,8.9,0.1,1.0
2020-08-27,18.0,7.9,11.9,2.7,3.0
2020-08-28,15.4,7.0,10.5,0.0,0.0
2020-08-29,19.4,7.6,12.8,0.0,0.0
2020-08-30,17.8,9.8,13.5,1.2,4.0
2020-08-31,10.8,7.8,9.4,0.2,2.0
2020-09-01,14.8,4.6,9.8,0.0,0.0
2020-09-02,19.2,10.7,14.3,0.7,4.0
2020-09-03,18.1,10.3,13.9,1.3,5.0
2020-09-04,15.6,7.6,11.6,0.0,0.0
2020-09-05,15.6,8.2,11.7,2.4,5.0
2020-09-06,19.0,4.5,11.9,0.0,0.0
2020-09-07,21.0,11.4,16.1,0.0,0.0
2020-09-08,20.3,11.2,16.3,2.1,5.0
2020-09-09,13.6,9.6,11.5,0.0,0.0
2020-09-10,19.0,7.3,12.4,0.0,0.0
2020-09-11,20.0,11.0,15.2,0.7,1.0
2020-09-12,15.5,12.8,13.9,18.6,19.0
2020-09-13,15.6,11.5,12.9,8.1,6.0
2020-09-14,15.8,7.7,12.0,0.0,0.0
2020-09-15,14.5,6.6,10.2,0.0,0.0
2020-09-16,21.9,5.4,13.8,0.0,0.0
2020-09-17,12.7,10.7,11.7,4.9,10.0
2020-09-18,17.2,9.4,12.8,0.0,0.0
2020-09-19,24.7,11.0,18.2,0.2,2.0
2020-09-20,22.1,16.7,19.1,0.1,1.0
2020-09-21,19.2,12.4,16.3,4.0,6.0
2020-09-22,16.8,11.2,13.5,1.9,4.0
2020-09-23,13.1,8.8,11.2,0.8,6.0
2020-09-24,13.9,7.1,10.4,1.1,4.0
2020-09-25,10.3,6.4,8.4,7.3,14.0
2020-09-26,12.3,6.0,9.6,5.7,16.0
2020-09-27,12.4,8.1,10.3,0.9,5.0
2020-09-28,12.5,6.5,9.8,0.0,0.0
2020-09-29,19.0,3.2,11.7,0.0,0.0
2020-09-30,18.4,11.9,14.7,7.5,15.0
2020-10-01,18.5,8.5,13.1,0.0,0.0
2020-10-02,25.4,13.3,19.2,0.0,0.0
2020-10-03,26.6,13.0,21.4,0.0,0.0
2020-10-04,27.7,11.9,18.9,0.0,0.0
2020-10-05,12.8,9.2,11.1,8.6,10.0
2020-10-06,12.2,10.3,11.3,1.4,8.0
2020-10-07,14.2,10.9,12.8,14.8,11.0
2020-10-08,15.9,11.9,14.3,13.2,18.0
2020-10-09,15.4,10.4,12.5,0.8,6.0
2020-10-10,18.1,8.8,13.1,0.7,5.0
2020-10-11,14.9,9.3,12.1,0.0,0.0
2020-10-12,24.3,5.5,14.7,0.0,0.0
2020-10-13,16.7,12.4,13.8,0.7,2.0
2020-10-14,17.8,8.4,13.7,0.0,0.0
2020-10-15,23.5,12.1,17.4,4.4,7.0
2020-10-16,15.7,10.3,12.5,10.4,9.0
2020-10-17,18.4,11.9,15.3,8.6,17.0
2020-10-18,13.3,11.3,12.0,0.5,4.0
2020-10-19,14.6,8.7,11.8,0.4,3.0
2020-10-20,14.9,8.1,12.2,0.1,1.0
2020-10-21,15.9,9.9,13.0,0.0,0.0
2020-10-22,16.8,10.2,13.2,0.0,0.0
2020-10-23,18.5,10.6,14.6,8.6,13.0
2020-10-24,14.3,10.3,12.4,19.0,13.0
2020-10-25,12.2,9.9,11.0,0.5,5.0
2020-10-26,15.5,11.0,12.9,0.0,0.0
2020-10-27,17.3,11.2,13.5,1.0,3.0
2020-10-28,18.6,11.5,14.6,0.0,0.0
2020-10-29,19.5,10.8,15.0,1.6,8.0
2020-10-30,18.1,12.4,14.9,0.7,4.0
2020-10-31,15.6,13.1,14.1,0.1,1.0
2020-11-01,16.6,10.6,13.9,0.0,0.0
2020-11-02,20.9,9.3,15.8,0.0,0.0
2020-11-03,28.4,13.1,22.0,0.0,0.0
2020-11-04,23.0,12.2,17.8,7.7,13.0
2020-11-05,14.1,11.1,12.4,0.7,5.0
2020-11-06,15.6,9.6,12.7,0.5,3.0
2020-11-07,14.2,11.5,12.8,0.5,3.0
2020-11-08,17.9,10.1,14.1,0.0,0.0
2020-11-09,26.9,8.7,18.7,0.0,0.0
2020-11-10,29.8,15.7,23.1,0.0,0.0
2020-11-11,26.5,19.6,23.1,6.8,10.0
2020-11-12,23.3,16.0,20.1,0.6,2.0
2020-11-13,20.1,12.4,16.1,1.2,8.0
2020-11-14,19.4,12.1,15.4,0.2,2.0
2020-11-15,30.9,12.1,22.6,0.0,0.0
2020-11-16,28.8,13.0,20.5,0.0,0.0
2020-11-17,19.8,11.2,15.3,0.0,0.0
2020-11-18,25.1,9.6,18.6,0.0,0.0
2020-11-19,33.9,13.6,25.2,0.0,0.0
2020-11-20,20.1,14.7,17.8,0.0,0.0
2020-11-21,21.5,14.2,17.9,0.0,0.0
2020-11-22,27.8,14.9,20.6,9.3,9.0
2020-11-23,18.6,14.7,17.0,15.5,11.0
2020-11-24,19.5,13.1,16.1,0.0,0.0
2020-11-25,24.9,12.7,19.4,0.0,0.0
2020-11-26,17.5,13.9,16.1,0.0,0.0
2020-11-27,31.5,9.3,20.4,0.0,0.0
2020-11-28,21.0,16.2,18.0,1.5,2.0
2020-11-29,18.3,14.3,15.9,8.3,12.0
2020-11-30,21.3,13.4,17.5,0.0,0.0
2020-12-01,24.8,14.1,19.5,2.9,7.0
2020-12-02,18.2,11.7,14.8,0.0,0.0
2020-12-03,20.7,10.6,15.7,0.0,0.0
2020-12-04,21.1,10.4,16.0,0.0,0.0
2020-12-05,25.6,12.5,18.1,2.7,6.0
2020-12-06,18.9,12.5,15.4,0.3,3.0
2020-12-07,15.6,11.3,13.4,2.4,10.0
2020-12-08,16.6,10.6,13.9,0.3,3.0
2020-12-09,19.6,10.4,15.5,0.1,1.0
2020-12-10,16.2,13.2,14.5,0.4,4.0
2020-12-11,19.0,12.5,16.0,0.0,0.0
2020-12-12,25.3,10.4,19.0,0.0,0.0
2020-12-13,29.0,15.5,22.4,0.0,0.0
2020-12-14,33.0,16.2,25.6,0.0,0.0
2020-12-15,30.2,16.9,21.9,0.1,1.0
2020-12-16,23.2,15.5,18.4,0.4,2.0
2020-12-17,24.5,16.1,19.5,2.6,9.0
2020-12-18,17.7,14.1,15.8,0.6,5.0
2020-12-19,17.8,11.5,15.0,0.6,4.0
2020-12-20,18.3,12.6,15.7,0.1,1.0
2020-12-21,19.4,9.9,15.5,8.3,8.0
2020-12-22,18.3,13.6,15.4,36.3,18.0
2020-12-23,18.0,12.6,15.5,0.1,1.0
2020-12-24,17.3,13.3,15.0,0.6,4.0
2020-12-25,17.8,13.3,15.3,0.0,0.0
2020-12-26,22.8,9.8,17.6,0.0,0.0
2020-12-27,30.9,13.0,19.7,5.5,9.0
2020-12-28,16.7,10.7,14.1,0.0,0.0
2020-12-29,20.3,11.6,16.1,0.0,0.0
2020-12-30,20.1,15.2,17.4,0.0,0.0
2020-12-31,19.0,15.8,17.5,0.0,0.0
2021-01-01,24.9,16.7,20.8,4.3,6.0
2021-01-02,25.0,17.4,20.7,3.4,13.0
2021-01-03,23.4,16.6,19.5,17.2,17.0
2021-01-04,17.8,16.4,16.9,5.4,22.0
2021-01-05,18.4,15.9,17.0,7.2,20.0
2021-01-06,18.2,14.6,16.2,2.0,10.0
2021-01-07,22.2,15.4,18.8,0.0,0.0
2021-01-08,22.6,14.9,18.3,0.0,0.0
2021-01-09,23.7,13.3,19.3,0.0,0.0
2021-01-10,26.3,14.1,20.2,0.0,0.0
2021-01-11,35.4,17.6,26.9,0.0,0.0
2021-01-12,21.4,15.7,18.5,0.2,2.0
2021-01-13,25.1,12.8,19.2,0.0,0.0
2021-01-14,20.0,14.9,17.2,0.6,4.0
2021-01-15,19.1,11.9,14.8,2.4,7.0
2021-01-16,18.3,12.5,15.3,0.7,7.0
2021-01-17,20.5,12.9,15.9,0.0,0.0
2021-01-18,22.0,13.8,17.3,0.3,3.0
2021-01-19,17.2,13.9,15.2,0.0,0.0
2021-01-20,21.7,12.9,17.0,0.0,0.0
2021-01-21,25.4,11.7,19.1,0.0,0.0
2021-01-22,22.6,13.9,18.5,0.0,0.0
2021-01-23,23.5,15.7,19.4,0.0,0.0
2021-01-24,30.7,15.1,23.7,0.0,0.0
2021-01-25,37.3,19.9,26.3,0.7,2.0
2021-01-26,20.3,15.3,18.4,7.3,14.0
2021-01-27,23.2,14.2,17.9,0.0,0.0
2021-01-28,25.2,17.7,20.5,1.3,5.0
2021-01-29,22.2,17.4,19.1,33.9,18.0
2021-01-30,20.6,16.1,17.9,1.1,7.0
2021-01-31,19.5,15.9,17.3,0.0,0.0
2021-02-01,19.6,12.5,16.3,0.0,0.0
2021-02-02,17.2,13.9,15.8,0.2,2.0
2021-02-03,22.6,14.9,18.3,0.0,0.0
2021-02-04,28.5,12.2,21.0,0.0,0.0
2021-02-05,27.4,16.5,21.4,12.5,18.0
2021-02-06,23.0,15.4,18.7,1.4,4.0
2021-02-07,17.2,14.8,16.1,0.3,3.0
2021-02-08,17.7,14.2,15.9,0.0,0.0
2021-02-09,21.9,14.9,18.3,0.0,0.0
2021-02-10,24.3,12.9,19.4,0.0,0.0
2021-02-11,31.5,16.4,24.8,1.8,2.0
2021-02-12,23.3,16.4,19.3,9.4,11.0
2021-02-13,18.6,13.8,16.4,0.2,2.0
2021-02-14,18.8,15.8,17.1,0.2,2.0
2021-02-15,23.2,16.4,19.2,0.0,0.0
2021-02-16,28.6,14.3,21.9,0.0,0.0
2021-02-17,25.5,14.9,21.2,0.0,0.0
2021-02-18,30.2,17.1,23.6,0.0,0.0
2021-02-19,32.1,20.9,25.9,0.0,0.0
2021-02-20,25.7,18.6,21.1,0.0,0.0
2021-02-21,19.9,17.4,18.7,1.2,9.0
2021-02-22,21.0,14.4,16.8,0.3,3.0
2021-02-23,18.4,14.0,15.8,0.2,2.0
2021-02-24,19.1,11.8,15.5,1.2,5.0
2021-02-25,24.5,11.5,16.5,0.2,2.0
2021-02-26,18.3,12.8,15.6,0.4,2.0
2021-02-27,18.8,13.2,16.1,0.0,0.0
2021-02-28,23.2,10.0,17.2,0.0,0.0
2021-03-01,22.0,14.4,16.9,0.7,4.0
2021-03-02,16.4,13.4,14.8,0.3,3.0
2021-03-03,17.3,14.2,15.5,0.6,5.0
2021-03-04,19.9,12.6,16.3,0.6,3.0
2021-03-05,16.7,13.8,15.2,0.2,2.0
2021-03-06,19.1,13.5,15.7,0.0,0.0
2021-03-07,23.3,11.4,17.5,0.0,0.0
2021-03-08,18.1,14.8,16.7,3.6,10.0
2021-03-09,18.9,13.8,16.2,0.3,2.0
2021-03-10,20.0,13.4,16.7,0.3,3.0
2021-03-11,20.4,12.7,16.8,0.0,0.0
2021-03-12,26.5,15.0,20.8,0.1,1.0
2021-03-13,25.7,13.7,19.9,10.8,9.0
2021-03-14,16.8,11.3,14.2,0.2,2.0
2021-03-15,20.9,11.1,16.2,0.3,3.0
2021-03-16,20.3,15.8,17.4,0.0,0.0
2021-03-17,23.3,12.7,18.2,0.0,0.0
2021-03-18,22.2,14.3,18.5,0.0,0.0
2021-03-19,24.7,13.6,19.2,0.0,0.0
2021-03-20,24.8,16.6,20.1,0.0,0.0
2021-03-21,20.7,18.3,19.4,7.7,8.0
2021-03-22,23.7,16.5,19.4,5.3,12.0
2021-03-23,20.0,17.3,18.5,9.7,20.0
2021-03-24,18.9,16.5,17.6,5.8,17.0
2021-03-25,19.3,14.1,16.9,0.9,7.0
2021-03-26,20.7,10.7,16.0,0.2,2.0
2021-03-27,20.0,14.0,16.6,3.1,10.0
2021-03-28,19.6,11.6,15.5,0.1,1.0
2021-03-29,17.3,13.5,15.3,0.6,4.0
2021-03-30,18.5,10.0,14.6,0.0,0.0
2021-03-31,19.7,13.1,16.1,0.0,0.0
2021-04-01,26.4,11.5,18.6,0.0,0.0
2021-04-02,26.7,10.7,18.5,0.0,0.0
2021-04-03,31.2,16.0,22.9,0.0,0.0
2021-04-04,21.7,14.6,18.3,0.0,0.0
2021-04-05,18.4,15.8,16.7,0.0,0.0
2021-04-06,19.2,15.0,16.9,0.0,0.0
2021-04-07,19.7,15.3,16.9,0.0,0.0
2021-04-08,29.3,14.2,21.2,0.0,0.0
2021-04-09,18.4,13.2,15.2,4.5,8.0
2021-04-10,17.4,9.6,13.4,0.5,3.0
2021-04-11,14.4,9.1,11.4,1.7,10.0
2021-04-12,15.9,10.7,13.0,4.4,12.0
2021-04-13,19.1,8.5,14.4,0.1,1.0
2021-04-14,21.0,13.6,18.0,0.1,1.0
2021-04-15,19.6,11.5,14.9,0.2,2.0
2021-04-16,15.8,10.7,13.1,0.0,0.0
2021-04-17,17.6,10.0,14.2,0.0,0.0
2021-04-18,18.6,11.2,14.9,0.2,2.0
2021-04-19,20.5,10.9,16.0,0.0,0.0
2021-04-20,17.7,10.7,13.3,7.5,10.0
2021-04-21,15.0,8.7,11.6,0.0,0.0
2021-04-22,17.0,11.1,14.0,0.0,0.0
2021-04-23,16.7,11.8,14.0,0.2,1.0
2021-04-24,17.9,10.2,13.4,1.1,6.0
2021-04-25,17.4,10.9,13.5,0.3,2.0
2021-04-26,17.5,10.9,14.0,0.0,0.0
2021-04-27,16.1,11.0,13.4,0.2,2.0
2021-04-28,15.9,7.9,11.9,0.0,0.0
2021-04-29,17.5,7.0,12.0,0.0,0.0
2021-04-30,23.5,8.3,15.1,0.0,0.0
2021-05-01,23.6,11.0,17.3,0.0,0.0
2021-05-02,24.3,15.9,18.8,0.0,0.0
2021-05-03,17.6,12.0,14.4,11.3,18.0
